alert_id,incident_id
alert_003800,noise_0
alert_001295,noise_45
alert_002231,noise_31
alert_000090,noise_40
alert_001809,noise_9
alert_000469,noise_19
alert_000652,noise_2
alert_001817,noise_17
alert_001647,noise_47
alert_001115,noise_15
alert_002005,noise_5
alert_002505,noise_5
alert_002144,noise_44
alert_003795,noise_45
alert_000758,noise_8
alert_004003,noise_3
alert_002680,noise_30
alert_004685,noise_35
alert_004645,noise_45
alert_002992,noise_42
alert_001569,noise_19
alert_001139,noise_39
alert_001848,noise_48
alert_002663,noise_13
alert_000969,noise_19
alert_000080,noise_30
alert_003697,noise_47
alert_004822,noise_22
alert_003172,noise_22
alert_001334,noise_34
alert_003705,noise_5
alert_002238,noise_38
alert_003583,noise_33
alert_004486,noise_36
alert_002023,noise_23
alert_001542,noise_42
alert_002707,noise_7
alert_000938,noise_38
alert_001303,noise_3
alert_002531,noise_31
alert_000411,noise_11
alert_002785,noise_35
alert_004806,noise_6
alert_001263,noise_13
alert_003431,noise_31
alert_003733,noise_33
alert_004778,noise_28
alert_003118,noise_18
alert_001679,noise_29
alert_003761,noise_11
alert_001703,noise_3
alert_004360,noise_10
alert_000240,noise_40
alert_002988,noise_38
alert_002141,noise_41
alert_002771,noise_21
alert_000887,noise_37
alert_002777,noise_27
alert_001611,noise_11
alert_003751,noise_1
alert_002614,noise_14
alert_002985,noise_35
alert_003730,noise_30
alert_000319,noise_19
alert_003768,noise_18
alert_003879,noise_29
alert_003462,noise_12
alert_004538,noise_38
alert_001981,noise_31
alert_002140,noise_40
alert_003416,noise_16
alert_000436,noise_36
alert_003983,noise_33
alert_002350,noise_0
alert_001619,noise_19
alert_004008,noise_8
alert_004702,noise_2
alert_004597,noise_47
alert_000674,noise_24
alert_003790,noise_40
alert_004453,noise_3
alert_000615,noise_15
alert_003427,noise_27
alert_000413,noise_13
alert_003605,noise_5
alert_000038,noise_38
alert_002158,noise_8
alert_001842,noise_42
alert_000659,noise_9
alert_002613,noise_13
alert_003871,noise_21
alert_000562,noise_12
alert_001855,noise_5
alert_001236,noise_36
alert_003689,noise_39
alert_001766,noise_16
alert_004056,noise_6
alert_002024,noise_24
alert_000112,noise_12
alert_003892,noise_42
alert_004874,noise_24
alert_000647,noise_47
alert_001289,noise_39
alert_001768,noise_18
alert_004655,noise_5
alert_003760,noise_10
alert_003376,noise_26
alert_004560,noise_10
alert_004027,noise_27
alert_002580,noise_30
alert_002637,noise_37
alert_001339,noise_39
alert_004920,noise_20
alert_000628,noise_28
alert_001371,noise_21
alert_000899,noise_49
alert_001086,noise_36
alert_003930,noise_30
alert_004168,noise_18
alert_004228,noise_28
alert_003483,noise_33
alert_000541,noise_41
alert_002030,noise_30
alert_000772,noise_22
alert_004997,noise_47
alert_003753,noise_3
alert_000862,noise_12
alert_003515,noise_15
alert_001718,noise_18
alert_002194,noise_44
alert_004021,noise_21
alert_001019,noise_19
alert_001869,noise_19
alert_001606,noise_6
alert_001769,noise_19
alert_004297,noise_47
alert_003709,noise_9
alert_002518,noise_18
alert_000082,noise_32
alert_004498,noise_48
alert_001601,noise_1
alert_000493,noise_43
alert_004899,noise_49
alert_000217,noise_17
alert_002741,noise_41
alert_003540,noise_40
alert_002305,noise_5
alert_004464,noise_14
alert_004891,noise_41
alert_004225,noise_25
alert_000968,noise_18
alert_004335,noise_35
alert_004304,noise_4
alert_004081,noise_31
alert_001023,noise_23
alert_003838,noise_38
alert_003706,noise_6
alert_004841,noise_41
alert_004112,noise_12
alert_001521,noise_21
alert_000226,noise_26
alert_000963,noise_13
alert_002432,noise_32
alert_003477,noise_27
alert_004488,noise_38
alert_001826,noise_26
alert_003321,noise_21
alert_004674,noise_24
alert_000453,noise_3
alert_000475,noise_25
alert_001924,noise_24
alert_003611,noise_11
alert_000970,noise_20
alert_000833,noise_33
alert_000288,noise_38
alert_001419,noise_19
alert_001873,noise_23
alert_004331,noise_31
alert_001909,noise_9
alert_000874,noise_24
alert_000676,noise_26
alert_004825,noise_25
alert_001354,noise_4
alert_001625,noise_25
alert_001518,noise_18
alert_001345,noise_45
alert_002190,noise_40
alert_004205,noise_5
alert_001437,noise_37
alert_004233,noise_33
alert_001614,noise_14
alert_004576,noise_26
alert_001391,noise_41
alert_004787,noise_37
alert_002426,noise_26
alert_000295,noise_45
alert_002102,noise_2
alert_000905,noise_5
alert_000701,noise_1
alert_004178,noise_28
alert_004106,noise_6
alert_003117,noise_17
alert_004382,noise_32
alert_003701,noise_1
alert_004670,noise_20
alert_000690,noise_40
alert_003158,noise_8
alert_004416,noise_16
alert_002000,noise_0
alert_000711,noise_11
alert_002050,noise_0
alert_004374,noise_24
alert_001949,noise_49
alert_004052,noise_2
alert_002199,noise_49
alert_002999,noise_49
alert_001692,noise_42
alert_004601,noise_1
alert_004097,noise_47
alert_003213,noise_13
alert_004306,noise_6
alert_001520,noise_20
alert_000831,noise_31
alert_001538,noise_38
alert_000455,noise_5
alert_003925,noise_25
alert_002344,noise_44
alert_002931,noise_31
alert_000387,noise_37
alert_002635,noise_35
alert_004762,noise_12
alert_002366,noise_16
alert_001335,noise_35
alert_003180,noise_30
alert_000761,noise_11
alert_003307,noise_7
alert_003642,noise_42
alert_002282,noise_32
alert_003070,noise_20
alert_004824,noise_24
alert_003916,noise_16
alert_000187,noise_37
alert_004323,noise_23
alert_003281,noise_31
alert_002088,noise_38
alert_002150,noise_0
alert_001587,noise_37
alert_004897,noise_47
alert_001832,noise_32
alert_003169,noise_19
alert_000178,noise_28
alert_002882,noise_32
alert_002213,noise_13
alert_002645,noise_45
alert_002123,noise_23
alert_004023,noise_23
alert_003620,noise_20
alert_003670,noise_20
alert_002212,noise_12
alert_000434,noise_34
alert_004767,noise_17
alert_000599,noise_49
alert_003265,noise_15
alert_002392,noise_42
alert_002681,noise_31
alert_001240,noise_40
alert_001535,noise_35
alert_000791,noise_41
alert_001866,noise_16
alert_001957,noise_7
alert_000954,noise_4
alert_001030,noise_30
alert_002514,noise_14
alert_003324,noise_24
alert_002975,noise_25
alert_001387,noise_37
alert_002293,noise_43
alert_002166,noise_16
alert_000716,noise_16
alert_002958,noise_8
alert_003370,noise_20
alert_001077,noise_27
alert_000237,noise_37
alert_004421,noise_21
alert_001930,noise_30
alert_001705,noise_5
alert_001238,noise_38
alert_000081,noise_31
alert_002740,noise_40
alert_003746,noise_46
alert_003440,noise_40
alert_003664,noise_14
alert_003843,noise_43
alert_001831,noise_31
alert_001551,noise_1
alert_004541,noise_41
alert_003082,noise_32
alert_004624,noise_24
alert_003688,noise_38
alert_004716,noise_16
alert_001090,noise_40
alert_000271,noise_21
alert_002062,noise_12
alert_001911,noise_11
alert_002632,noise_32
alert_003530,noise_30
alert_001884,noise_34
alert_000102,noise_2
alert_002412,noise_12
alert_002160,noise_10
alert_001095,noise_45
alert_001891,noise_41
alert_002610,noise_10
alert_001114,noise_14
alert_000356,noise_6
alert_002535,noise_35
alert_001755,noise_5
alert_000943,noise_43
alert_001216,noise_16
alert_003068,noise_18
alert_004393,noise_43
alert_000653,noise_3
alert_000378,noise_28
alert_003584,noise_34
alert_002486,noise_36
alert_001003,noise_3
alert_002077,noise_27
alert_002196,noise_46
alert_003668,noise_18
alert_000807,noise_7
alert_000135,noise_35
alert_001764,noise_14
alert_004043,noise_43
alert_001433,noise_33
alert_001627,noise_27
alert_001938,noise_38
alert_002119,noise_19
alert_000180,noise_30
alert_003819,noise_19
alert_004459,noise_9
alert_003410,noise_10
alert_003901,noise_1
alert_001953,noise_3
alert_002540,noise_40
alert_004582,noise_32
alert_000141,noise_41
alert_004845,noise_45
alert_004274,noise_24
alert_002348,noise_48
alert_004641,noise_41
alert_003481,noise_31
alert_004311,noise_11
alert_003949,noise_49
alert_000350,noise_0
alert_003549,noise_49
alert_004522,noise_22
alert_000621,noise_21
alert_000633,noise_33
alert_002642,noise_42
alert_001944,noise_44
alert_003866,noise_16
alert_000736,noise_36
alert_001279,noise_29
alert_004092,noise_42
alert_003791,noise_41
alert_002476,noise_26
alert_001870,noise_20
alert_001497,noise_47
alert_002895,noise_45
alert_002364,noise_14
alert_000983,noise_33
alert_002539,noise_39
alert_000486,noise_36
alert_004682,noise_32
alert_002577,noise_27
alert_000233,noise_33
alert_003144,noise_44
alert_003355,noise_5
alert_002859,noise_9
alert_004439,noise_39
alert_000429,noise_29
alert_004720,noise_20
alert_000666,noise_16
alert_003049,noise_49
alert_001304,noise_4
alert_004803,noise_3
alert_000530,noise_30
flap_0_0,flap_0
alert_002651,noise_1
alert_001470,noise_20
flap_0_1,flap_0
alert_003820,noise_20
alert_001643,noise_43
alert_004248,noise_48
alert_000136,noise_36
flap_0_2,flap_0
alert_003666,noise_16
alert_003678,noise_28
alert_001321,noise_21
flap_0_3,flap_0
alert_001088,noise_38
alert_002728,noise_28
flap_0_4,flap_0
alert_003958,noise_8
alert_000741,noise_41
alert_001708,noise_8
alert_004646,noise_46
alert_001585,noise_35
alert_002664,noise_14
alert_002561,noise_11
alert_000787,noise_37
alert_004300,noise_0
alert_003266,noise_16
alert_004059,noise_9
alert_000185,noise_35
alert_001747,noise_47
alert_003692,noise_42
alert_004473,noise_23
alert_003651,noise_1
alert_002155,noise_5
alert_000157,noise_7
alert_002991,noise_41
alert_001411,noise_11
alert_000259,noise_9
alert_001017,noise_17
alert_000613,noise_13
alert_003537,noise_37
alert_000767,noise_17
alert_001727,noise_27
alert_003758,noise_8
alert_002836,noise_36
alert_001500,noise_0
alert_002487,noise_37
alert_004664,noise_14
alert_001578,noise_28
alert_000559,noise_9
alert_002919,noise_19
alert_001678,noise_28
alert_003699,noise_49
alert_003525,noise_25
alert_002993,noise_43
alert_003393,noise_43
alert_001556,noise_6
alert_001223,noise_23
alert_004949,noise_49
alert_003231,noise_31
alert_001309,noise_9
alert_002063,noise_13
alert_004155,noise_5
alert_000191,noise_41
alert_003485,noise_35
alert_000423,noise_23
alert_003208,noise_8
alert_002914,noise_14
alert_000341,noise_41
alert_000153,noise_3
alert_001299,noise_49
alert_001528,noise_28
alert_003270,noise_20
alert_002270,noise_20
alert_002823,noise_23
alert_001247,noise_47
alert_001734,noise_34
alert_002167,noise_17
alert_003782,noise_32
alert_001329,noise_29
alert_002708,noise_8
alert_004871,noise_21
alert_000332,noise_32
alert_004766,noise_16
alert_002969,noise_19
alert_001780,noise_30
alert_000843,noise_43
alert_001980,noise_30
alert_001529,noise_29
alert_002587,noise_37
alert_003555,noise_5
alert_002021,noise_21
alert_001807,noise_7
alert_000095,noise_45
alert_002517,noise_17
alert_000461,noise_11
alert_003902,noise_2
alert_003776,noise_26
alert_004038,noise_38
alert_002031,noise_31
alert_001440,noise_40
alert_001199,noise_49
alert_002222,noise_22
alert_002815,noise_15
alert_003327,noise_27
alert_001141,noise_41
alert_002304,noise_4
alert_002957,noise_7
alert_003932,noise_32
alert_002989,noise_39
alert_000079,noise_29
alert_000193,noise_43
alert_001050,noise_0
alert_001615,noise_15
alert_004087,noise_37
alert_001357,noise_7
alert_004592,noise_42
alert_004180,noise_30
alert_002913,noise_13
alert_003248,noise_48
alert_001915,noise_15
alert_004419,noise_19
alert_003400,noise_0
alert_002342,noise_42
alert_003195,noise_45
alert_002633,noise_33
alert_004882,noise_32
alert_001414,noise_14
alert_004418,noise_18
alert_004091,noise_41
alert_000467,noise_17
alert_004926,noise_26
alert_002409,noise_9
alert_001237,noise_37
alert_000172,noise_22
alert_001157,noise_7
alert_000043,noise_43
alert_000328,noise_28
alert_004456,noise_6
alert_000000,noise_0
alert_000407,noise_7
alert_002551,noise_1
alert_004493,noise_43
alert_000693,noise_43
alert_002492,noise_42
alert_002747,noise_47
alert_000058,noise_8
alert_000088,noise_38
alert_001252,noise_2
alert_000894,noise_44
alert_002781,noise_31
alert_001724,noise_24
alert_001108,noise_8
alert_000410,noise_10
alert_001006,noise_6
alert_002712,noise_12
alert_001696,noise_46
alert_003473,noise_23
alert_000232,noise_32
alert_000017,noise_17
alert_003915,noise_15
alert_004607,noise_7
alert_004301,noise_1
alert_001379,noise_29
alert_000521,noise_21
alert_004432,noise_32
alert_001972,noise_22
alert_002736,noise_36
alert_003516,noise_16
alert_004232,noise_32
alert_003591,noise_41
alert_001746,noise_46
alert_003764,noise_14
alert_002775,noise_25
alert_001226,noise_26
alert_000446,noise_46
alert_003087,noise_37
alert_002806,noise_6
alert_001239,noise_39
alert_000933,noise_33
alert_004118,noise_18
alert_002772,noise_22
alert_002934,noise_34
alert_004413,noise_13
alert_004367,noise_17
alert_002292,noise_42
alert_002653,noise_3
alert_002808,noise_8
alert_004656,noise_6
alert_002041,noise_41
alert_003941,noise_41
alert_004067,noise_17
alert_001159,noise_9
alert_001612,noise_12
alert_000349,noise_49
alert_002188,noise_38
alert_004466,noise_16
alert_000089,noise_39
alert_002798,noise_48
alert_002850,noise_0
alert_003419,noise_19
alert_002706,noise_6
alert_004441,noise_41
alert_003825,noise_25
alert_001205,noise_5
alert_001169,noise_19
alert_000996,noise_46
alert_003994,noise_44
alert_003964,noise_14
alert_003991,noise_41
alert_001039,noise_39
alert_003353,noise_3
storm_0_0_billing,storm_0
storm_0_0_gateway,storm_0
storm_0_0_fraud,storm_0
storm_0_0_checkout,storm_0
storm_0_0_catalog,storm_0
storm_0_0_billing,storm_0
storm_0_0_auth,storm_0
storm_0_1_fraud,storm_0
storm_0_1_checkout,storm_0
storm_0_1_catalog,storm_0
storm_0_1_billing,storm_0
storm_0_1_billing,storm_0
storm_0_1_auth,storm_0
storm_0_1_gateway,storm_0
storm_0_2_fraud,storm_0
storm_0_2_catalog,storm_0
storm_0_2_billing,storm_0
storm_0_2_auth,storm_0
storm_0_2_checkout,storm_0
storm_0_2_billing,storm_0
storm_0_2_gateway,storm_0
alert_004559,noise_9
storm_0_3_fraud,storm_0
storm_0_3_checkout,storm_0
storm_0_3_billing,storm_0
storm_0_3_auth,storm_0
storm_0_3_catalog,storm_0
storm_0_3_gateway,storm_0
storm_0_3_billing,storm_0
storm_0_4_billing,storm_0
storm_0_4_gateway,storm_0
alert_000365,noise_15
storm_0_4_auth,storm_0
storm_0_4_billing,storm_0
storm_0_4_catalog,storm_0
storm_0_4_checkout,storm_0
storm_0_4_fraud,storm_0
storm_0_5_billing,storm_0
storm_0_5_checkout,storm_0
storm_0_5_fraud,storm_0
storm_0_5_catalog,storm_0
storm_0_5_auth,storm_0
storm_0_5_gateway,storm_0
alert_003332,noise_32
storm_0_5_billing,storm_0
alert_000291,noise_41
alert_000907,noise_7
storm_0_6_fraud,storm_0
storm_0_6_checkout,storm_0
storm_0_6_billing,storm_0
storm_0_6_auth,storm_0
storm_0_6_catalog,storm_0
storm_0_6_billing,storm_0
alert_000268,noise_18
storm_0_6_gateway,storm_0
storm_0_7_checkout,storm_0
storm_0_7_billing,storm_0
storm_0_7_gateway,storm_0
storm_0_7_auth,storm_0
storm_0_7_billing,storm_0
storm_0_7_catalog,storm_0
storm_0_7_fraud,storm_0
storm_0_8_auth,storm_0
storm_0_8_billing,storm_0
storm_0_8_gateway,storm_0
storm_0_8_catalog,storm_0
storm_0_8_fraud,storm_0
storm_0_8_checkout,storm_0
storm_0_8_billing,storm_0
storm_0_9_catalog,storm_0
storm_0_9_checkout,storm_0
storm_0_9_fraud,storm_0
storm_0_9_billing,storm_0
storm_0_9_gateway,storm_0
storm_0_9_auth,storm_0
alert_000576,noise_26
alert_003384,noise_34
storm_0_9_billing,storm_0
alert_000379,noise_29
storm_0_10_billing,storm_0
storm_0_10_gateway,storm_0
storm_0_10_auth,storm_0
storm_0_10_billing,storm_0
storm_0_10_catalog,storm_0
storm_0_10_checkout,storm_0
storm_0_10_fraud,storm_0
storm_0_11_gateway,storm_0
storm_0_11_fraud,storm_0
storm_0_11_checkout,storm_0
storm_0_11_catalog,storm_0
storm_0_11_billing,storm_0
storm_0_11_billing,storm_0
alert_002925,noise_25
storm_0_11_auth,storm_0
storm_0_12_fraud,storm_0
alert_002906,noise_6
storm_0_12_billing,storm_0
storm_0_12_gateway,storm_0
storm_0_12_auth,storm_0
storm_0_12_billing,storm_0
storm_0_12_catalog,storm_0
storm_0_12_checkout,storm_0
storm_0_13_billing,storm_0
storm_0_13_catalog,storm_0
storm_0_13_auth,storm_0
storm_0_13_fraud,storm_0
storm_0_13_billing,storm_0
alert_001505,noise_5
storm_0_13_gateway,storm_0
storm_0_13_checkout,storm_0
storm_0_14_fraud,storm_0
storm_0_14_gateway,storm_0
storm_0_14_checkout,storm_0
storm_0_14_catalog,storm_0
storm_0_14_billing,storm_0
storm_0_14_billing,storm_0
storm_0_14_auth,storm_0
storm_0_15_billing,storm_0
storm_0_15_gateway,storm_0
storm_0_15_auth,storm_0
storm_0_15_billing,storm_0
storm_0_15_catalog,storm_0
storm_0_15_checkout,storm_0
storm_0_15_fraud,storm_0
storm_0_16_fraud,storm_0
storm_0_16_checkout,storm_0
storm_0_16_catalog,storm_0
storm_0_16_billing,storm_0
storm_0_16_billing,storm_0
storm_0_16_gateway,storm_0
alert_000132,noise_32
storm_0_16_auth,storm_0
alert_002153,noise_3
alert_000359,noise_9
alert_003770,noise_20
storm_0_17_fraud,storm_0
storm_0_17_checkout,storm_0
storm_0_17_billing,storm_0
storm_0_17_catalog,storm_0
alert_001290,noise_40
alert_001987,noise_37
storm_0_17_auth,storm_0
storm_0_17_gateway,storm_0
storm_0_17_billing,storm_0
storm_0_18_checkout,storm_0
storm_0_18_catalog,storm_0
storm_0_18_billing,storm_0
storm_0_18_fraud,storm_0
storm_0_18_gateway,storm_0
storm_0_18_billing,storm_0
storm_0_18_auth,storm_0
storm_0_19_auth,storm_0
alert_004692,noise_42
storm_0_19_billing,storm_0
storm_0_19_gateway,storm_0
alert_003725,noise_25
storm_0_19_billing,storm_0
alert_002760,noise_10
storm_0_19_catalog,storm_0
storm_0_19_checkout,storm_0
storm_0_19_fraud,storm_0
alert_002714,noise_14
storm_0_20_fraud,storm_0
alert_001599,noise_49
storm_0_20_checkout,storm_0
alert_001284,noise_34
storm_0_20_catalog,storm_0
storm_0_20_auth,storm_0
storm_0_20_gateway,storm_0
storm_0_20_billing,storm_0
alert_004217,noise_17
storm_0_20_billing,storm_0
alert_004183,noise_33
storm_0_21_billing,storm_0
storm_0_21_gateway,storm_0
storm_0_21_auth,storm_0
storm_0_21_billing,storm_0
storm_0_21_catalog,storm_0
storm_0_21_checkout,storm_0
storm_0_21_fraud,storm_0
storm_0_22_fraud,storm_0
storm_0_22_checkout,storm_0
storm_0_22_catalog,storm_0
storm_0_22_billing,storm_0
storm_0_22_auth,storm_0
storm_0_22_gateway,storm_0
storm_0_22_billing,storm_0
storm_0_23_billing,storm_0
storm_0_23_gateway,storm_0
storm_0_23_auth,storm_0
storm_0_23_billing,storm_0
storm_0_23_catalog,storm_0
storm_0_23_checkout,storm_0
storm_0_23_fraud,storm_0
alert_000580,noise_30
alert_004642,noise_42
alert_003639,noise_39
storm_0_24_fraud,storm_0
storm_0_24_checkout,storm_0
storm_0_24_billing,storm_0
storm_0_24_billing,storm_0
storm_0_24_auth,storm_0
storm_0_24_gateway,storm_0
storm_0_24_catalog,storm_0
alert_004348,noise_48
alert_000790,noise_40
alert_000626,noise_26
alert_002537,noise_37
alert_001175,noise_25
alert_003693,noise_43
alert_004157,noise_7
alert_002418,noise_18
alert_004171,noise_21
alert_001215,noise_15
alert_000422,noise_22
alert_003752,noise_2
alert_000441,noise_41
alert_002907,noise_7
alert_002868,noise_18
alert_001408,noise_8
alert_000895,noise_45
alert_000759,noise_9
alert_001514,noise_14
alert_000050,noise_0
alert_003021,noise_21
alert_004964,noise_14
alert_000749,noise_49
alert_001281,noise_31
alert_003192,noise_42
alert_002248,noise_48
alert_001259,noise_9
alert_003890,noise_40
alert_004128,noise_28
alert_001037,noise_37
alert_003074,noise_24
alert_000316,noise_16
alert_002581,noise_31
alert_001637,noise_37
alert_003784,noise_34
alert_002499,noise_49
alert_000662,noise_12
alert_002038,noise_38
alert_001178,noise_28
alert_002183,noise_33
alert_003793,noise_43
alert_000650,noise_0
alert_001186,noise_36
alert_000382,noise_32
alert_000760,noise_10
flap_1_0,flap_1
alert_004364,noise_14
flap_1_1,flap_1
alert_003128,noise_28
alert_000402,noise_2
alert_004288,noise_38
alert_004952,noise_2
flap_1_2,flap_1
flap_1_3,flap_1
flap_1_4,flap_1
alert_002592,noise_42
alert_002032,noise_32
alert_003380,noise_30
alert_003135,noise_35
alert_004293,noise_43
alert_002081,noise_31
alert_001757,noise_7
alert_000566,noise_16
alert_001008,noise_8
alert_001589,noise_39
alert_003460,noise_10
alert_001576,noise_26
alert_003571,noise_21
alert_001728,noise_28
alert_002739,noise_39
alert_001830,noise_30
alert_002685,noise_35
alert_001311,noise_11
alert_004599,noise_49
alert_001063,noise_13
alert_002690,noise_40
alert_000276,noise_26
alert_000022,noise_22
alert_001312,noise_12
alert_002223,noise_23
alert_000523,noise_23
alert_000243,noise_43
alert_001468,noise_18
alert_000835,noise_35
alert_004424,noise_24
alert_003732,noise_32
alert_002665,noise_15
alert_001502,noise_2
alert_002903,noise_3
alert_004595,noise_45
alert_001085,noise_35
alert_002106,noise_6
alert_000607,noise_7
alert_001864,noise_14
alert_003164,noise_14
alert_000813,noise_13
alert_001413,noise_13
alert_004387,noise_37
alert_003275,noise_25
alert_000890,noise_40
alert_004099,noise_49
alert_000977,noise_27
alert_002703,noise_3
alert_004088,noise_38
alert_003643,noise_43
alert_004267,noise_17
alert_003191,noise_41
alert_004349,noise_49
alert_000660,noise_10
alert_000971,noise_21
alert_000919,noise_19
alert_001844,noise_44
alert_004465,noise_15
alert_001837,noise_37
alert_001435,noise_35
alert_000148,noise_48
alert_000406,noise_6
alert_003524,noise_24
alert_000367,noise_17
alert_001473,noise_23
alert_004925,noise_25
alert_004055,noise_5
alert_003129,noise_29
alert_004272,noise_22
alert_001342,noise_42
alert_001899,noise_49
alert_001793,noise_43
alert_004556,noise_6
alert_002457,noise_7
alert_002915,noise_15
alert_001646,noise_46
alert_004950,noise_0
alert_001516,noise_16
alert_002186,noise_36
alert_001146,noise_46
alert_000463,noise_13
alert_000689,noise_39
alert_001618,noise_18
alert_004334,noise_34
alert_000774,noise_24
alert_002461,noise_11
alert_001741,noise_41
alert_000525,noise_25
alert_001923,noise_23
alert_003657,noise_7
alert_003771,noise_21
alert_001201,noise_1
alert_002832,noise_32
alert_004131,noise_31
alert_002446,noise_46
alert_001639,noise_39
alert_003484,noise_34
alert_000687,noise_37
alert_000289,noise_39
alert_000024,noise_24
alert_004156,noise_6
alert_003674,noise_24
alert_001232,noise_32
alert_003287,noise_37
alert_001925,noise_25
alert_000421,noise_21
alert_001776,noise_26
alert_001431,noise_31
alert_003507,noise_7
alert_002688,noise_38
alert_003379,noise_29
alert_003841,noise_41
alert_002729,noise_29
alert_000592,noise_42
alert_001593,noise_43
alert_003615,noise_15
alert_003179,noise_29
alert_003574,noise_24
alert_000072,noise_22
alert_003206,noise_6
alert_004053,noise_3
alert_004337,noise_37
alert_000752,noise_2
alert_001305,noise_5
alert_001009,noise_9
alert_003982,noise_32
alert_001453,noise_3
alert_003456,noise_6
alert_002443,noise_43
alert_003173,noise_23
alert_004219,noise_19
alert_001484,noise_34
alert_004684,noise_34
alert_004904,noise_4
alert_004251,noise_1
alert_004580,noise_30
alert_004683,noise_33
alert_001760,noise_10
alert_000370,noise_20
alert_000194,noise_44
alert_001628,noise_28
alert_003238,noise_38
alert_000946,noise_46
alert_004319,noise_19
alert_003942,noise_42
alert_000327,noise_27
alert_000096,noise_46
alert_004726,noise_26
alert_004480,noise_30
alert_002249,noise_49
alert_002687,noise_37
alert_003309,noise_9
alert_000782,noise_32
alert_001978,noise_28
alert_001902,noise_2
alert_002239,noise_39
alert_000515,noise_15
alert_004636,noise_36
alert_000744,noise_44
alert_002441,noise_41
alert_004199,noise_49
alert_003710,noise_10
alert_004909,noise_9
alert_002494,noise_44
alert_001456,noise_6
alert_000911,noise_11
alert_001559,noise_9
alert_000004,noise_4
alert_004371,noise_21
alert_001867,noise_17
alert_004031,noise_31
alert_001803,noise_3
alert_002320,noise_20
alert_001399,noise_49
alert_002751,noise_1
alert_000922,noise_22
alert_001798,noise_48
alert_002604,noise_4
alert_003684,noise_34
alert_003425,noise_25
alert_000538,noise_38
alert_000335,noise_35
alert_001985,noise_35
alert_002317,noise_17
alert_001566,noise_16
alert_000588,noise_38
alert_001908,noise_8
alert_003007,noise_7
alert_001686,noise_36
alert_004696,noise_46
alert_000539,noise_39
alert_000041,noise_41
alert_002676,noise_26
alert_001026,noise_26
alert_002051,noise_1
alert_000783,noise_33
alert_000205,noise_5
alert_004564,noise_14
alert_001871,noise_21
alert_002821,noise_21
alert_004352,noise_2
alert_004634,noise_34
alert_002652,noise_2
alert_002716,noise_16
alert_000816,noise_16
alert_001128,noise_28
alert_000238,noise_38
alert_000646,noise_46
alert_000025,noise_25
alert_001434,noise_34
alert_000376,noise_26
alert_003592,noise_42
alert_002427,noise_27
alert_002434,noise_34
alert_000962,noise_12
alert_001920,noise_20
alert_004858,noise_8
alert_003437,noise_37
alert_003998,noise_48
alert_001888,noise_38
alert_000076,noise_26
alert_002671,noise_21
alert_003965,noise_15
alert_000585,noise_35
alert_000596,noise_46
alert_004120,noise_20
alert_003951,noise_1
alert_002701,noise_1
alert_004892,noise_42
alert_004443,noise_43
alert_002125,noise_25
alert_000293,noise_43
alert_001853,noise_3
alert_000066,noise_16
alert_002630,noise_30
alert_004481,noise_31
alert_000714,noise_14
alert_002417,noise_17
alert_001250,noise_0
alert_004289,noise_39
alert_004469,noise_19
alert_003009,noise_9
alert_002802,noise_2
alert_001457,noise_7
alert_004609,noise_9
alert_004635,noise_35
alert_004572,noise_22
alert_003426,noise_26
alert_003106,noise_6
alert_003019,noise_19
alert_002096,noise_46
alert_004606,noise_6
alert_004984,noise_34
alert_004182,noise_32
alert_004345,noise_45
alert_000165,noise_15
alert_001350,noise_0
alert_003847,noise_47
alert_002811,noise_11
alert_001868,noise_18
alert_003568,noise_18
alert_000274,noise_24
alert_001955,noise_5
alert_003029,noise_29
alert_001857,noise_7
alert_002723,noise_23
alert_001736,noise_36
alert_000578,noise_28
alert_004894,noise_44
alert_004327,noise_27
alert_004657,noise_7
alert_000449,noise_49
alert_003724,noise_24
alert_002236,noise_36
alert_004223,noise_23
alert_000189,noise_39
alert_000433,noise_33
alert_003336,noise_36
alert_004010,noise_10
alert_002325,noise_25
alert_002058,noise_8
alert_004433,noise_33
alert_002129,noise_29
alert_002508,noise_8
alert_000668,noise_18
alert_000985,noise_35
alert_002265,noise_15
alert_003519,noise_19
alert_002100,noise_0
alert_000667,noise_17
alert_002479,noise_29
alert_001458,noise_8
alert_003586,noise_36
alert_000527,noise_27
alert_004918,noise_18
alert_004139,noise_39
alert_004893,noise_43
alert_001887,noise_37
alert_001598,noise_48
alert_002135,noise_35
alert_002864,noise_14
alert_001849,noise_49
alert_000966,noise_16
alert_004236,noise_36
alert_002247,noise_47
alert_002924,noise_24
alert_004542,noise_42
alert_000207,noise_7
alert_002542,noise_42
alert_003527,noise_27
alert_001880,noise_30
alert_001638,noise_38
alert_004308,noise_8
alert_000836,noise_36
alert_003634,noise_34
alert_002990,noise_40
alert_003312,noise_12
alert_004800,noise_0
alert_002609,noise_9
alert_003645,noise_45
alert_000568,noise_18
alert_004566,noise_16
alert_002200,noise_0
alert_000439,noise_39
alert_002425,noise_25
alert_004141,noise_41
alert_004970,noise_20
alert_001277,noise_27
alert_003536,noise_36
alert_000286,noise_36
alert_002884,noise_34
alert_001498,noise_48
alert_000487,noise_37
alert_000458,noise_8
alert_003538,noise_38
alert_001301,noise_1
alert_001464,noise_14
alert_000500,noise_0
alert_001989,noise_39
alert_004437,noise_37
alert_004699,noise_49
alert_004881,noise_31
alert_003051,noise_1
alert_002693,noise_43
alert_003418,noise_18
alert_000858,noise_8
alert_002841,noise_41
alert_000726,noise_26
alert_000861,noise_11
alert_002530,noise_30
alert_003690,noise_40
alert_003509,noise_9
alert_003282,noise_32
alert_003959,noise_9
alert_002329,noise_29
alert_001851,noise_1
alert_001076,noise_26
alert_001002,noise_2
alert_000481,noise_31
alert_001893,noise_43
alert_002689,noise_39
alert_001176,noise_26
alert_004691,noise_41
alert_000997,noise_47
alert_000819,noise_19
alert_000591,noise_41
alert_002774,noise_24
alert_003673,noise_23
alert_000285,noise_35
alert_002419,noise_19
alert_002413,noise_13
alert_000979,noise_29
alert_003683,noise_33
alert_004452,noise_2
alert_004252,noise_2
alert_001715,noise_15
alert_004563,noise_13
alert_001805,noise_5
alert_001761,noise_11
alert_002572,noise_22
alert_001359,noise_9
alert_001257,noise_7
alert_004785,noise_35
alert_003190,noise_40
alert_003947,noise_47
alert_002331,noise_31
alert_004943,noise_43
alert_003020,noise_20
alert_004179,noise_29
alert_003013,noise_13
alert_002165,noise_15
alert_002216,noise_16
alert_001879,noise_29
alert_002776,noise_26
alert_002617,noise_17
alert_002994,noise_44
alert_003612,noise_12
alert_000697,noise_47
alert_001531,noise_31
alert_001180,noise_30
alert_002142,noise_42
alert_000665,noise_15
alert_000930,noise_30
alert_000251,noise_1
alert_003786,noise_36
alert_001961,noise_11
alert_001874,noise_24
alert_000610,noise_10
alert_001325,noise_25
alert_002349,noise_49
alert_002029,noise_29
alert_003459,noise_9
alert_001890,noise_40
alert_002583,noise_33
alert_004648,noise_48
alert_002532,noise_32
alert_003542,noise_42
alert_001103,noise_3
alert_000479,noise_29
alert_003454,noise_4
alert_003858,noise_8
alert_002181,noise_31
alert_002472,noise_22
alert_000910,noise_10
alert_000797,noise_47
alert_003654,noise_4
alert_003685,noise_35
alert_001231,noise_31
alert_003333,noise_33
alert_004721,noise_21
alert_003773,noise_23
alert_001839,noise_39
alert_002274,noise_24
alert_002221,noise_21
alert_000875,noise_25
alert_002643,noise_43
alert_000324,noise_24
alert_000732,noise_32
alert_003448,noise_48
alert_004694,noise_44
alert_002171,noise_21
alert_004878,noise_28
alert_002538,noise_38
alert_001833,noise_33
alert_003755,noise_5
alert_001021,noise_21
alert_001460,noise_10
alert_004030,noise_30
alert_003839,noise_39
alert_001919,noise_19
alert_001669,noise_19
alert_001405,noise_5
alert_000951,noise_1
alert_002388,noise_38
alert_001078,noise_28
alert_001430,noise_30
alert_004765,noise_15
alert_001959,noise_9
alert_003985,noise_35
alert_004515,noise_15
alert_001191,noise_41
alert_004849,noise_49
alert_003186,noise_36
alert_004039,noise_39
alert_002120,noise_20
alert_004510,noise_10
alert_004379,noise_29
alert_003594,noise_44
alert_002314,noise_14
alert_003134,noise_34
alert_002541,noise_41
alert_003480,noise_30
alert_004255,noise_5
alert_000789,noise_39
alert_002790,noise_40
alert_002929,noise_29
alert_001863,noise_13
alert_004574,noise_24
alert_000609,noise_9
alert_002745,noise_45
alert_002154,noise_4
alert_001150,noise_0
alert_000949,noise_49
alert_000777,noise_27
alert_001224,noise_24
alert_003183,noise_33
alert_004518,noise_18
alert_000838,noise_38
alert_003599,noise_49
alert_001167,noise_17
alert_003934,noise_34
alert_000992,noise_42
alert_000959,noise_9
alert_001385,noise_35
alert_000318,noise_18
alert_002475,noise_25
alert_000426,noise_26
alert_001193,noise_43
alert_001850,noise_0
alert_003968,noise_18
alert_001684,noise_34
alert_001790,noise_40
alert_000903,noise_3
alert_002436,noise_36
alert_002025,noise_25
alert_002301,noise_1
alert_000374,noise_24
alert_002894,noise_44
alert_000891,noise_41
alert_003000,noise_0
alert_002206,noise_6
alert_001462,noise_12
alert_002756,noise_6
alert_002600,noise_0
alert_003636,noise_36
alert_000381,noise_31
alert_002170,noise_20
alert_004396,noise_46
alert_000535,noise_35
alert_001726,noise_26
alert_004192,noise_42
alert_003268,noise_18
alert_003978,noise_28
alert_001020,noise_20
alert_003027,noise_27
alert_001187,noise_37
alert_002175,noise_25
alert_002203,noise_3
alert_000612,noise_12
alert_004936,noise_36
alert_001315,noise_15
alert_000224,noise_24
alert_004860,noise_10
alert_004462,noise_12
alert_001188,noise_38
alert_001916,noise_16
alert_004865,noise_15
alert_003828,noise_28
alert_000347,noise_47
alert_004018,noise_18
alert_003602,noise_2
alert_004369,noise_19
alert_001455,noise_5
alert_004324,noise_24
alert_002116,noise_16
alert_001477,noise_27
alert_002842,noise_42
alert_003372,noise_22
alert_002834,noise_34
alert_004528,noise_28
alert_000129,noise_29
alert_002473,noise_23
alert_002227,noise_27
alert_003744,noise_44
alert_000391,noise_41
alert_002764,noise_14
alert_001235,noise_35
alert_004224,noise_24
alert_000799,noise_49
alert_003176,noise_26
alert_004763,noise_13
alert_004477,noise_27
alert_003623,noise_23
alert_004160,noise_10
alert_002246,noise_46
alert_004743,noise_43
alert_000275,noise_25
alert_003038,noise_38
alert_002900,noise_0
alert_004629,noise_29
alert_004378,noise_28
alert_001007,noise_7
alert_003189,noise_39
alert_003411,noise_11
alert_003716,noise_16
alert_000616,noise_16
alert_000083,noise_33
alert_003420,noise_20
alert_003279,noise_29
alert_004567,noise_17
alert_000306,noise_6
alert_001847,noise_47
alert_001225,noise_25
alert_004585,noise_35
alert_004175,noise_25
alert_000125,noise_25
alert_001126,noise_26
alert_001992,noise_42
alert_003382,noise_32
alert_003577,noise_27
alert_004114,noise_14
alert_003351,noise_1
alert_000264,noise_14
alert_002260,noise_10
alert_002184,noise_34
alert_001119,noise_19
alert_004085,noise_35
alert_004197,noise_47
alert_002558,noise_8
alert_000181,noise_31
alert_000871,noise_21
alert_004395,noise_45
alert_001148,noise_48
alert_004938,noise_38
alert_002283,noise_33
alert_003050,noise_0
alert_002650,noise_0
alert_004701,noise_1
alert_000343,noise_43
alert_003086,noise_36
alert_003809,noise_9
alert_003881,noise_31
alert_004491,noise_41
alert_003804,noise_4
alert_002881,noise_31
alert_004562,noise_12
alert_003073,noise_23
alert_003047,noise_47
alert_001950,noise_0
alert_003334,noise_34
alert_003132,noise_32
alert_004153,noise_3
alert_001053,noise_3
alert_001854,noise_4
alert_003719,noise_19
alert_002880,noise_30
alert_003083,noise_33
alert_001722,noise_22
alert_004397,noise_47
alert_004724,noise_24
alert_002027,noise_27
alert_002888,noise_38
alert_001444,noise_44
alert_000771,noise_21
alert_003629,noise_29
alert_003152,noise_2
alert_000602,noise_2
alert_003886,noise_36
alert_000885,noise_35
alert_000733,noise_33
alert_000692,noise_42
alert_000594,noise_44
alert_002467,noise_17
alert_004514,noise_14
alert_002316,noise_16
alert_002378,noise_28
alert_003305,noise_5
alert_000339,noise_39
alert_003960,noise_10
alert_000803,noise_3
alert_001570,noise_20
alert_001138,noise_38
alert_002261,noise_11
alert_004704,noise_4
alert_002242,noise_42
alert_004973,noise_23
alert_004749,noise_49
alert_002588,noise_38
alert_002117,noise_17
alert_002182,noise_32
alert_001388,noise_38
alert_000021,noise_21
alert_000545,noise_45
alert_003123,noise_23
alert_000242,noise_42
alert_004209,noise_9
alert_002839,noise_39
alert_002168,noise_18
alert_004090,noise_40
alert_003572,noise_22
alert_002474,noise_24
alert_002550,noise_0
alert_002207,noise_7
alert_001097,noise_47
alert_001112,noise_12
alert_003335,noise_35
alert_000805,noise_5
alert_004782,noise_32
alert_002870,noise_20
alert_002976,noise_26
alert_000162,noise_12
alert_003093,noise_43
alert_004020,noise_20
alert_004229,noise_29
alert_001087,noise_37
alert_003040,noise_40
alert_001048,noise_48
alert_000230,noise_30
alert_002743,noise_43
alert_001243,noise_43
alert_000170,noise_20
alert_003145,noise_45
alert_004811,noise_11
alert_000561,noise_11
alert_002307,noise_7
alert_002947,noise_47
alert_004990,noise_40
alert_002612,noise_12
alert_004996,noise_46
alert_000850,noise_0
alert_004667,noise_17
alert_001168,noise_18
alert_001770,noise_20
alert_003974,noise_24
alert_002113,noise_13
alert_003146,noise_46
alert_002677,noise_27
alert_000474,noise_24
alert_000149,noise_49
alert_001886,noise_36
alert_000028,noise_28
alert_004744,noise_44
alert_004895,noise_45
alert_004551,noise_1
alert_002800,noise_0
alert_004788,noise_38
alert_004611,noise_11
alert_004121,noise_21
alert_002559,noise_9
alert_002571,noise_21
alert_001378,noise_28
alert_000430,noise_30
alert_004900,noise_0
alert_004706,noise_6
alert_004709,noise_9
alert_003772,noise_22
alert_004760,noise_10
alert_003975,noise_25
alert_002670,noise_20
alert_004552,noise_2
alert_000011,noise_11
alert_001361,noise_11
alert_000101,noise_1
alert_001966,noise_16
alert_000651,noise_1
alert_004321,noise_21
alert_003323,noise_23
alert_004287,noise_37
alert_003155,noise_5
alert_001454,noise_4
alert_003439,noise_39
alert_001181,noise_31
alert_001308,noise_8
alert_002560,noise_10
alert_000126,noise_26
alert_000571,noise_21
alert_004436,noise_36
alert_002996,noise_46
alert_003912,noise_12
alert_002692,noise_42
alert_004129,noise_29
alert_003252,noise_2
alert_000231,noise_31
alert_004270,noise_20
alert_003849,noise_49
alert_002439,noise_39
alert_003369,noise_19
alert_000554,noise_4
alert_001834,noise_34
alert_000638,noise_38
alert_003971,noise_21
alert_000924,noise_24
alert_004877,noise_27
alert_000156,noise_6
alert_000802,noise_2
alert_001306,noise_6
alert_004861,noise_11
alert_000884,noise_34
alert_003052,noise_2
alert_000622,noise_22
alert_003075,noise_25
alert_001392,noise_42
alert_004166,noise_16
alert_003466,noise_16
alert_001356,noise_6
alert_004571,noise_21
alert_003034,noise_34
alert_000696,noise_46
alert_003869,noise_19
alert_001013,noise_13
alert_001948,noise_48
alert_001491,noise_41
alert_002043,noise_43
alert_002695,noise_45
alert_002813,noise_13
alert_001348,noise_48
alert_003303,noise_3
alert_003874,noise_24
alert_004931,noise_31
alert_003938,noise_38
alert_003523,noise_23
alert_000084,noise_34
alert_000211,noise_11
alert_003837,noise_37
alert_001667,noise_17
alert_000932,noise_32
alert_003210,noise_10
alert_002779,noise_29
alert_001067,noise_17
alert_000471,noise_21
alert_003193,noise_43
alert_000048,noise_48
alert_000155,noise_5
alert_000684,noise_34
alert_001111,noise_11
alert_003604,noise_4
alert_000204,noise_4
alert_002104,noise_4
alert_003171,noise_21
alert_002189,noise_39
alert_001895,noise_45
alert_000254,noise_4
alert_000287,noise_37
alert_002086,noise_36
alert_003815,noise_15
alert_001553,noise_3
alert_003497,noise_47
alert_004594,noise_44
alert_000027,noise_27
alert_004812,noise_12
alert_004322,noise_22
alert_004366,noise_16
alert_000145,noise_45
alert_000727,noise_27
alert_003972,noise_22
alert_004516,noise_16
alert_004295,noise_45
alert_001666,noise_16
alert_000158,noise_8
alert_001731,noise_31
alert_004201,noise_1
alert_003928,noise_28
alert_004487,noise_37
alert_003878,noise_28
alert_002656,noise_6
alert_001730,noise_30
alert_002843,noise_43
alert_000671,noise_21
alert_001373,noise_23
alert_003788,noise_38
alert_001194,noise_44
alert_000965,noise_15
alert_000097,noise_47
alert_004969,noise_19
alert_003036,noise_36
alert_003550,noise_0
alert_001083,noise_33
alert_002835,noise_35
alert_004400,noise_0
alert_003832,noise_32
alert_003241,noise_41
alert_000451,noise_1
alert_004879,noise_29
alert_004675,noise_25
alert_004821,noise_21
alert_000975,noise_25
alert_004764,noise_14
alert_001756,noise_6
alert_003062,noise_12
alert_000698,noise_48
alert_001539,noise_39
alert_003913,noise_13
alert_000534,noise_34
alert_002725,noise_25
alert_001881,noise_31
alert_003404,noise_4
alert_004193,noise_43
alert_004959,noise_9
alert_000202,noise_2
alert_002019,noise_19
alert_004162,noise_12
alert_003787,noise_37
alert_001314,noise_14
alert_002939,noise_39
alert_004565,noise_15
alert_000160,noise_10
alert_000477,noise_27
alert_003286,noise_36
alert_003290,noise_40
alert_000707,noise_7
alert_001778,noise_28
alert_004362,noise_12
alert_001860,noise_10
alert_004575,noise_25
alert_004410,noise_10
alert_001683,noise_33
alert_002312,noise_12
alert_002258,noise_8
alert_004420,noise_20
alert_004631,noise_31
alert_001310,noise_10
alert_003895,noise_45
alert_000522,noise_22
alert_001071,noise_21
alert_004434,noise_34
alert_004711,noise_11
alert_004284,noise_34
alert_000634,noise_34
alert_003276,noise_26
alert_000614,noise_14
alert_001927,noise_27
alert_004647,noise_47
alert_002838,noise_38
alert_003402,noise_2
alert_002935,noise_35
alert_003783,noise_33
alert_002055,noise_5
alert_003548,noise_48
alert_003835,noise_35
alert_000999,noise_49
alert_003344,noise_44
alert_000688,noise_38
alert_001732,noise_32
alert_000823,noise_23
alert_000822,noise_22
alert_001337,noise_37
alert_003700,noise_0
alert_004627,noise_27
alert_002294,noise_44
alert_000763,noise_13
alert_001694,noise_44
alert_003474,noise_24
alert_002818,noise_18
alert_000508,noise_8
alert_002582,noise_32
alert_000139,noise_39
alert_003478,noise_28
alert_003775,noise_25
alert_001685,noise_35
alert_000785,noise_35
alert_002849,noise_49
alert_002361,noise_11
alert_002628,noise_28
alert_003745,noise_45
alert_002520,noise_20
alert_001033,noise_33
alert_000182,noise_32
alert_001719,noise_19
alert_003834,noise_34
alert_000400,noise_0
alert_000811,noise_11
alert_000503,noise_3
alert_000532,noise_32
alert_003390,noise_40
alert_001510,noise_10
alert_004596,noise_46
alert_003079,noise_29
alert_000278,noise_28
alert_002546,noise_46
alert_001602,noise_2
alert_001439,noise_39
alert_001631,noise_31
alert_003184,noise_34
alert_000664,noise_14
alert_001640,noise_40
alert_001960,noise_10
alert_000495,noise_45
alert_003096,noise_46
alert_000032,noise_32
alert_004458,noise_8
alert_001941,noise_41
alert_000583,noise_33
alert_000468,noise_18
alert_002057,noise_7
alert_003381,noise_31
alert_000978,noise_28
alert_000577,noise_27
alert_001372,noise_22
alert_004810,noise_10
alert_003024,noise_24
alert_001702,noise_2
alert_003012,noise_12
alert_003045,noise_45
alert_003090,noise_40
alert_000215,noise_15
alert_004237,noise_37
alert_000227,noise_27
alert_002254,noise_4
alert_002288,noise_38
alert_000937,noise_37
alert_000444,noise_44
alert_004544,noise_44
alert_000513,noise_13
alert_002237,noise_37
alert_000405,noise_5
alert_004612,noise_12
alert_004353,noise_3
alert_001674,noise_24
alert_004482,noise_32
alert_002105,noise_5
alert_004847,noise_47
alert_004417,noise_17
alert_000952,noise_2
alert_000415,noise_15
alert_002724,noise_24
alert_003177,noise_27
alert_001151,noise_1
alert_001005,noise_5
alert_002276,noise_26
alert_000404,noise_4
alert_002597,noise_47
alert_004169,noise_19
alert_002961,noise_11
alert_004742,noise_42
alert_003316,noise_16
alert_004838,noise_38
alert_000292,noise_42
alert_000713,noise_13
alert_001093,noise_43
alert_003467,noise_17
alert_003927,noise_27
alert_003589,noise_39
alert_001029,noise_29
alert_002382,noise_32
alert_003124,noise_24
alert_003491,noise_41
alert_002792,noise_42
alert_004615,noise_15
alert_000630,noise_30
alert_000993,noise_43
alert_000827,noise_27
alert_000635,noise_35
alert_000661,noise_11
alert_002960,noise_10
alert_001525,noise_25
alert_002408,noise_8
alert_000793,noise_43
alert_002201,noise_1
alert_004799,noise_49
alert_001963,noise_13
alert_001494,noise_44
alert_003954,noise_4
alert_002564,noise_14
alert_001698,noise_48
alert_000246,noise_46
alert_004856,noise_6
alert_000151,noise_1
alert_002192,noise_42
alert_001000,noise_0
alert_002245,noise_45
alert_004864,noise_14
alert_000249,noise_49
alert_004445,noise_45
alert_001701,noise_1
alert_000424,noise_24
alert_000792,noise_42
alert_004254,noise_4
alert_000177,noise_27
alert_002022,noise_22
alert_001677,noise_27
alert_000309,noise_9
alert_003796,noise_46
alert_002641,noise_41
alert_004507,noise_7
alert_000171,noise_21
alert_002235,noise_35
alert_004947,noise_47
alert_003675,noise_25
alert_000099,noise_49
alert_003365,noise_15
alert_003740,noise_40
alert_000725,noise_25
alert_002930,noise_30
alert_003917,noise_17
alert_001710,noise_10
alert_003131,noise_31
alert_000490,noise_40
alert_000037,noise_37
alert_004158,noise_8
alert_002897,noise_47
alert_004967,noise_17
alert_004523,noise_23
alert_003780,noise_30
alert_004016,noise_16
alert_001161,noise_11
alert_000325,noise_25
alert_004852,noise_2
alert_004659,noise_9
alert_004033,noise_33
alert_003887,noise_37
alert_003905,noise_5
alert_003551,noise_1
alert_002767,noise_17
alert_003017,noise_17
alert_004065,noise_15
alert_001140,noise_40
alert_004037,noise_37
alert_002290,noise_40
alert_004786,noise_36
alert_002337,noise_37
alert_003185,noise_35
alert_001917,noise_17
alert_002826,noise_26
alert_000708,noise_8
alert_001214,noise_14
alert_004890,noise_40
alert_000869,noise_19
alert_002902,noise_2
alert_000560,noise_10
alert_001370,noise_20
alert_001031,noise_31
alert_002357,noise_7
alert_001493,noise_43
alert_002291,noise_41
alert_003918,noise_18
alert_004011,noise_11
alert_001421,noise_21
alert_002501,noise_1
alert_002848,noise_48
alert_001940,noise_40
alert_004019,noise_19
alert_000788,noise_38
alert_001767,noise_17
alert_001349,noise_49
alert_000483,noise_33
alert_000302,noise_2
alert_004474,noise_24
alert_004036,noise_36
alert_000052,noise_2
alert_002253,noise_3
alert_000504,noise_4
alert_001022,noise_22
alert_001649,noise_49
alert_003728,noise_28
alert_003785,noise_35
alert_001581,noise_31
alert_003174,noise_24
alert_003292,noise_42
alert_003221,noise_21
alert_001099,noise_49
alert_002809,noise_9
alert_001763,noise_13
alert_001806,noise_6
alert_001580,noise_30
alert_001975,noise_25
alert_001358,noise_8
alert_001939,noise_39
alert_004467,noise_17
alert_000974,noise_24
alert_000313,noise_13
alert_000755,noise_5
alert_004994,noise_44
alert_002828,noise_28
alert_001438,noise_38
alert_000685,noise_35
alert_002449,noise_49
alert_003468,noise_18
alert_004956,noise_6
alert_003356,noise_6
alert_001714,noise_14
alert_002791,noise_41
alert_001061,noise_11
alert_001878,noise_28
alert_000567,noise_17
alert_002877,noise_27
alert_003438,noise_38
alert_004187,noise_37
alert_000722,noise_22
alert_000768,noise_18
alert_002285,noise_35
alert_004829,noise_29
alert_000964,noise_14
alert_000776,noise_26
alert_002946,noise_46
alert_004867,noise_17
alert_004758,noise_8
alert_004226,noise_26
alert_001316,noise_16
alert_004273,noise_23
alert_003884,noise_34
alert_000524,noise_24
alert_000401,noise_1
alert_004887,noise_37
alert_002462,noise_12
alert_002039,noise_39
alert_004060,noise_10
alert_000183,noise_33
alert_000371,noise_21
alert_000244,noise_44
alert_000220,noise_20
alert_001155,noise_5
alert_002923,noise_23
alert_003269,noise_19
alert_001211,noise_11
alert_004435,noise_35
alert_000796,noise_46
alert_001982,noise_32
alert_000127,noise_27
alert_000310,noise_10
alert_004380,noise_30
alert_003237,noise_37
alert_003863,noise_13
alert_001613,noise_13
alert_001265,noise_15
alert_003401,noise_1
alert_003299,noise_49
alert_001298,noise_48
alert_000417,noise_17
alert_003923,noise_23
alert_000926,noise_26
alert_000751,noise_1
alert_004200,noise_0
alert_001624,noise_24
alert_004032,noise_32
alert_003729,noise_29
alert_000219,noise_19
alert_004318,noise_18
alert_002844,noise_44
alert_004381,noise_31
alert_003658,noise_8
alert_000115,noise_15
alert_000301,noise_1
alert_002510,noise_10
alert_000765,noise_15
alert_001365,noise_15
alert_002159,noise_9
alert_004017,noise_17
alert_003560,noise_10
alert_000569,noise_19
alert_003672,noise_22
alert_001813,noise_13
alert_001094,noise_44
alert_002753,noise_3
alert_003136,noise_36
alert_003289,noise_39
alert_004147,noise_47
alert_001364,noise_14
alert_003543,noise_43
alert_002495,noise_45
alert_002458,noise_8
alert_001558,noise_8
alert_003098,noise_48
alert_004376,noise_26
alert_003582,noise_32
alert_003042,noise_42
alert_002965,noise_15
alert_004058,noise_8
alert_004643,noise_43
alert_000030,noise_30
alert_001253,noise_3
alert_003300,noise_0
alert_001483,noise_33
alert_001207,noise_7
alert_003829,noise_29
alert_003006,noise_6
alert_004185,noise_35
alert_000020,noise_20
alert_001811,noise_11
alert_003297,noise_47
alert_004149,noise_49
alert_000514,noise_14
alert_004713,noise_13
alert_002295,noise_45
alert_000516,noise_16
alert_001177,noise_27
alert_004731,noise_31
alert_002968,noise_18
alert_001069,noise_19
alert_000353,noise_3
alert_003060,noise_10
alert_000440,noise_40
alert_002769,noise_19
alert_004051,noise_1
alert_004246,noise_46
alert_002310,noise_10
alert_002001,noise_1
alert_002812,noise_12
alert_003342,noise_42
alert_004978,noise_28
alert_004745,noise_45
alert_001695,noise_45
alert_000395,noise_45
alert_000188,noise_38
alert_003120,noise_20
alert_001014,noise_14
alert_001820,noise_20
alert_004761,noise_11
alert_003329,noise_29
alert_003274,noise_24
alert_002575,noise_25
alert_000176,noise_26
alert_003398,noise_48
alert_003779,noise_29
alert_001062,noise_12
alert_003769,noise_19
alert_000258,noise_8
alert_001418,noise_18
alert_004148,noise_48
alert_004403,noise_3
alert_002016,noise_16
alert_000496,noise_46
alert_002410,noise_10
alert_001759,noise_9
alert_002389,noise_39
alert_001594,noise_44
alert_002387,noise_37
alert_003806,noise_6
alert_003868,noise_18
alert_002782,noise_32
alert_004438,noise_38
alert_000939,noise_39
alert_004259,noise_9
alert_004798,noise_48
alert_002328,noise_28
alert_000947,noise_47
alert_001107,noise_7
alert_001202,noise_2
alert_002399,noise_49
alert_003781,noise_31
alert_001343,noise_43
alert_004070,noise_20
alert_001892,noise_42
alert_001488,noise_38
alert_004775,noise_25
alert_003463,noise_13
alert_003953,noise_3
alert_003565,noise_15
alert_002937,noise_37
alert_004732,noise_32
alert_002608,noise_8
alert_004917,noise_17
alert_000488,noise_38
alert_003256,noise_6
alert_003988,noise_38
alert_001536,noise_36
alert_001156,noise_6
alert_004671,noise_21
alert_004281,noise_31
alert_004843,noise_43
alert_004108,noise_8
alert_003150,noise_0
alert_004154,noise_4
alert_003823,noise_23
alert_003885,noise_35
alert_003255,noise_5
alert_004835,noise_35
alert_003446,noise_46
alert_001143,noise_43
alert_001363,noise_13
alert_003870,noise_20
alert_004423,noise_23
alert_001889,noise_39
alert_003939,noise_39
alert_001998,noise_48
alert_000304,noise_4
alert_004534,noise_34
alert_003718,noise_18
alert_000229,noise_29
alert_003817,noise_17
alert_002696,noise_46
alert_003319,noise_19
alert_003510,noise_10
alert_000604,noise_4
alert_004771,noise_21
alert_002455,noise_5
alert_001415,noise_15
alert_004779,noise_29
alert_002034,noise_34
alert_004164,noise_14
alert_000806,noise_6
alert_003095,noise_45
alert_001906,noise_6
alert_000192,noise_42
alert_000369,noise_19
alert_004204,noise_4
alert_001166,noise_16
alert_002444,noise_44
alert_001255,noise_5
alert_001081,noise_31
alert_001400,noise_0
alert_004985,noise_35
alert_001256,noise_6
alert_000601,noise_1
alert_003442,noise_42
alert_003026,noise_26
alert_000595,noise_45
alert_003956,noise_6
alert_000988,noise_38
alert_000618,noise_18
alert_002979,noise_29
alert_004533,noise_33
alert_000447,noise_47
alert_004214,noise_14
alert_003140,noise_40
alert_003720,noise_20
alert_004863,noise_13
alert_004802,noise_2
alert_000465,noise_15
alert_004354,noise_4
alert_003671,noise_21
alert_002606,noise_6
alert_001967,noise_17
alert_001748,noise_48
alert_002761,noise_11
alert_003522,noise_22
alert_004181,noise_31
alert_004583,noise_33
alert_002393,noise_43
alert_000605,noise_5
alert_001645,noise_45
alert_004340,noise_40
alert_001956,noise_6
alert_004098,noise_48
alert_004425,noise_25
alert_004807,noise_7
alert_001792,noise_42
alert_002401,noise_1
alert_000119,noise_19
alert_003717,noise_17
alert_004540,noise_40
alert_004650,noise_0
alert_002817,noise_17
alert_004151,noise_1
alert_004830,noise_30
alert_001380,noise_30
alert_004317,noise_17
alert_004026,noise_26
alert_000416,noise_16
alert_000859,noise_9
alert_000995,noise_45
alert_001118,noise_18
alert_001244,noise_44
alert_002963,noise_13
alert_000329,noise_29
alert_001208,noise_8
alert_004332,noise_32
alert_003443,noise_43
alert_004210,noise_10
alert_003111,noise_11
alert_004524,noise_24
alert_003702,noise_2
alert_000629,noise_29
alert_001072,noise_22
alert_003358,noise_8
alert_000113,noise_13
alert_001633,noise_33
alert_002977,noise_27
alert_001827,noise_27
alert_004902,noise_2
alert_004286,noise_36
alert_003498,noise_48
alert_002459,noise_9
alert_002509,noise_9
alert_004506,noise_6
alert_004406,noise_6
alert_002386,noise_36
alert_003133,noise_33
alert_000551,noise_1
alert_004186,noise_36
alert_004652,noise_2
alert_002631,noise_31
alert_001823,noise_23
alert_001293,noise_43
alert_003743,noise_43
alert_000346,noise_46
alert_003409,noise_9
alert_001852,noise_2
alert_003284,noise_34
storm_1_0_billing,storm_1
storm_1_0_checkout,storm_1
alert_003865,noise_15
storm_1_0_catalog,storm_1
storm_1_0_orders,storm_1
storm_1_0_auth,storm_1
storm_1_0_checkout,storm_1
storm_1_0_fraud,storm_1
storm_1_1_auth,storm_1
alert_004846,noise_46
storm_1_1_billing,storm_1
storm_1_1_catalog,storm_1
storm_1_1_orders,storm_1
storm_1_1_checkout,storm_1
storm_1_1_checkout,storm_1
alert_001282,noise_32
storm_1_1_fraud,storm_1
storm_1_2_checkout,storm_1
storm_1_2_fraud,storm_1
storm_1_2_orders,storm_1
storm_1_2_checkout,storm_1
storm_1_2_auth,storm_1
storm_1_2_catalog,storm_1
storm_1_2_billing,storm_1
storm_1_3_checkout,storm_1
storm_1_3_orders,storm_1
storm_1_3_billing,storm_1
storm_1_3_auth,storm_1
storm_1_3_catalog,storm_1
storm_1_3_fraud,storm_1
storm_1_3_checkout,storm_1
storm_1_4_fraud,storm_1
storm_1_4_checkout,storm_1
storm_1_4_orders,storm_1
storm_1_4_auth,storm_1
storm_1_4_billing,storm_1
storm_1_4_catalog,storm_1
storm_1_4_checkout,storm_1
alert_004409,noise_9
storm_1_5_fraud,storm_1
storm_1_5_billing,storm_1
alert_000184,noise_34
storm_1_5_auth,storm_1
storm_1_5_orders,storm_1
storm_1_5_checkout,storm_1
storm_1_5_catalog,storm_1
storm_1_5_checkout,storm_1
alert_002762,noise_12
storm_1_6_billing,storm_1
storm_1_6_catalog,storm_1
storm_1_6_auth,storm_1
storm_1_6_orders,storm_1
storm_1_6_checkout,storm_1
storm_1_6_checkout,storm_1
storm_1_6_fraud,storm_1
storm_1_7_auth,storm_1
storm_1_7_orders,storm_1
storm_1_7_fraud,storm_1
storm_1_7_billing,storm_1
storm_1_7_checkout,storm_1
storm_1_7_catalog,storm_1
storm_1_7_checkout,storm_1
alert_004116,noise_16
storm_1_8_fraud,storm_1
storm_1_8_catalog,storm_1
storm_1_8_billing,storm_1
storm_1_8_auth,storm_1
storm_1_8_orders,storm_1
alert_001278,noise_28
alert_000780,noise_30
storm_1_8_checkout,storm_1
storm_1_8_checkout,storm_1
storm_1_9_checkout,storm_1
storm_1_9_billing,storm_1
storm_1_9_orders,storm_1
storm_1_9_auth,storm_1
storm_1_9_fraud,storm_1
storm_1_9_checkout,storm_1
alert_002241,noise_41
storm_1_9_catalog,storm_1
storm_1_10_fraud,storm_1
storm_1_10_orders,storm_1
storm_1_10_catalog,storm_1
storm_1_10_billing,storm_1
storm_1_10_checkout,storm_1
storm_1_10_checkout,storm_1
storm_1_10_auth,storm_1
storm_1_11_checkout,storm_1
storm_1_11_orders,storm_1
storm_1_11_auth,storm_1
alert_001544,noise_44
storm_1_11_billing,storm_1
storm_1_11_catalog,storm_1
storm_1_11_checkout,storm_1
storm_1_11_fraud,storm_1
storm_1_12_orders,storm_1
storm_1_12_billing,storm_1
storm_1_12_checkout,storm_1
storm_1_12_auth,storm_1
storm_1_12_catalog,storm_1
storm_1_12_checkout,storm_1
storm_1_12_fraud,storm_1
storm_1_13_billing,storm_1
storm_1_13_catalog,storm_1
storm_1_13_checkout,storm_1
storm_1_13_fraud,storm_1
storm_1_13_checkout,storm_1
storm_1_13_auth,storm_1
alert_004123,noise_23
storm_1_13_orders,storm_1
storm_1_14_catalog,storm_1
storm_1_14_checkout,storm_1
storm_1_14_billing,storm_1
storm_1_14_auth,storm_1
storm_1_14_orders,storm_1
storm_1_14_fraud,storm_1
storm_1_14_checkout,storm_1
alert_004940,noise_40
alert_003906,noise_6
storm_1_15_checkout,storm_1
storm_1_15_fraud,storm_1
storm_1_15_checkout,storm_1
storm_1_15_catalog,storm_1
alert_000849,noise_49
storm_1_15_billing,storm_1
storm_1_15_auth,storm_1
alert_000829,noise_29
storm_1_15_orders,storm_1
alert_002195,noise_45
alert_001740,noise_40
storm_1_16_checkout,storm_1
storm_1_16_orders,storm_1
storm_1_16_auth,storm_1
storm_1_16_billing,storm_1
storm_1_16_catalog,storm_1
alert_001996,noise_46
storm_1_16_checkout,storm_1
storm_1_16_fraud,storm_1
storm_1_17_billing,storm_1
alert_003655,noise_5
storm_1_17_auth,storm_1
storm_1_17_checkout,storm_1
storm_1_17_fraud,storm_1
storm_1_17_checkout,storm_1
storm_1_17_catalog,storm_1
storm_1_17_orders,storm_1
storm_1_18_checkout,storm_1
storm_1_18_checkout,storm_1
storm_1_18_orders,storm_1
storm_1_18_auth,storm_1
storm_1_18_billing,storm_1
storm_1_18_catalog,storm_1
storm_1_18_fraud,storm_1
alert_002215,noise_15
storm_1_19_auth,storm_1
storm_1_19_fraud,storm_1
storm_1_19_checkout,storm_1
storm_1_19_catalog,storm_1
storm_1_19_billing,storm_1
alert_000377,noise_27
alert_001332,noise_32
storm_1_19_orders,storm_1
storm_1_19_checkout,storm_1
storm_1_20_fraud,storm_1
storm_1_20_orders,storm_1
storm_1_20_checkout,storm_1
storm_1_20_billing,storm_1
storm_1_20_catalog,storm_1
alert_000419,noise_19
storm_1_20_checkout,storm_1
storm_1_20_auth,storm_1
storm_1_21_checkout,storm_1
storm_1_21_fraud,storm_1
storm_1_21_catalog,storm_1
storm_1_21_auth,storm_1
storm_1_21_orders,storm_1
storm_1_21_checkout,storm_1
storm_1_21_billing,storm_1
alert_002599,noise_49
storm_1_22_checkout,storm_1
alert_001206,noise_6
alert_004170,noise_20
storm_1_22_orders,storm_1
storm_1_22_auth,storm_1
storm_1_22_billing,storm_1
storm_1_22_checkout,storm_1
storm_1_22_catalog,storm_1
storm_1_22_fraud,storm_1
storm_1_23_checkout,storm_1
alert_002428,noise_28
storm_1_23_catalog,storm_1
storm_1_23_checkout,storm_1
alert_000234,noise_34
storm_1_23_fraud,storm_1
storm_1_23_auth,storm_1
storm_1_23_billing,storm_1
alert_000425,noise_25
storm_1_23_orders,storm_1
storm_1_24_checkout,storm_1
storm_1_24_catalog,storm_1
storm_1_24_fraud,storm_1
storm_1_24_checkout,storm_1
storm_1_24_auth,storm_1
storm_1_24_orders,storm_1
storm_1_24_billing,storm_1
alert_004965,noise_15
alert_000944,noise_44
alert_001487,noise_37
alert_003043,noise_43
alert_003408,noise_8
alert_000307,noise_7
alert_001375,noise_25
alert_004517,noise_17
alert_004752,noise_2
alert_001121,noise_21
alert_004906,noise_6
alert_003628,noise_28
alert_002059,noise_9
alert_003046,noise_46
alert_002229,noise_29
alert_004135,noise_35
alert_001127,noise_27
alert_002995,noise_45
alert_003967,noise_17
alert_001522,noise_22
alert_002789,noise_39
alert_000753,noise_3
alert_002044,noise_44
alert_003979,noise_29
alert_004946,noise_46
alert_002858,noise_8
alert_004375,noise_25
alert_002451,noise_1
alert_004140,noise_40
alert_004722,noise_22
alert_004708,noise_8
alert_001073,noise_23
alert_003635,noise_35
alert_000252,noise_2
alert_001554,noise_4
alert_004244,noise_44
alert_002127,noise_27
alert_002863,noise_13
alert_002585,noise_35
alert_002867,noise_17
alert_004411,noise_11
alert_000505,noise_5
alert_001412,noise_12
alert_004198,noise_48
alert_003911,noise_11
alert_003695,noise_45
alert_002490,noise_40
alert_003366,noise_16
alert_002986,noise_36
alert_004672,noise_22
alert_000820,noise_20
alert_003115,noise_15
alert_003368,noise_18
alert_003315,noise_15
alert_001567,noise_17
alert_004307,noise_7
alert_004808,noise_8
alert_002702,noise_2
alert_004888,noise_38
alert_003894,noise_44
alert_004857,noise_7
alert_000520,noise_20
alert_002787,noise_37
alert_002515,noise_15
alert_003850,noise_0
alert_004002,noise_2
alert_003298,noise_48
alert_000326,noise_26
alert_000062,noise_12
alert_004422,noise_22
alert_002085,noise_35
alert_001680,noise_30
alert_000355,noise_5
alert_004717,noise_17
alert_003889,noise_39
alert_004578,noise_28
alert_004769,noise_19
alert_003534,noise_34
alert_002061,noise_11
alert_004817,noise_17
alert_002948,noise_48
alert_002899,noise_49
alert_000552,noise_2
alert_000012,noise_12
alert_003663,noise_13
alert_000284,noise_34
alert_003005,noise_5
alert_004339,noise_39
alert_001382,noise_32
alert_000174,noise_24
alert_004957,noise_7
alert_004054,noise_4
alert_000266,noise_16
alert_000009,noise_9
alert_002552,noise_2
alert_001931,noise_31
alert_000308,noise_8
alert_002072,noise_22
alert_003066,noise_16
alert_003010,noise_10
alert_003388,noise_38
alert_003891,noise_41
alert_003749,noise_49
alert_001745,noise_45
alert_004954,noise_4
alert_000810,noise_10
alert_000998,noise_48
alert_003226,noise_26
alert_000900,noise_0
alert_000888,noise_38
alert_003854,noise_4
alert_002403,noise_3
alert_000398,noise_48
alert_001102,noise_2
alert_004789,noise_39
alert_002011,noise_11
alert_000239,noise_39
alert_000087,noise_37
alert_002866,noise_16
alert_004463,noise_13
alert_000003,noise_3
alert_002070,noise_20
alert_001436,noise_36
alert_001327,noise_27
alert_004103,noise_3
alert_003413,noise_13
alert_003018,noise_18
alert_002112,noise_12
alert_003513,noise_13
alert_004834,noise_34
alert_003546,noise_46
alert_001836,noise_36
alert_001266,noise_16
alert_000896,noise_46
alert_003742,noise_42
alert_000958,noise_8
alert_001495,noise_45
alert_001716,noise_16
alert_000360,noise_10
alert_000920,noise_20
alert_003552,noise_2
alert_000863,noise_13
alert_000299,noise_49
alert_004111,noise_11
alert_004815,noise_15
alert_001036,noise_36
alert_002076,noise_26
alert_000669,noise_19
alert_002448,noise_48
alert_001900,noise_0
alert_002358,noise_8
alert_002002,noise_2
alert_004243,noise_43
alert_004628,noise_28
alert_002045,noise_45
alert_000133,noise_33
alert_003531,noise_31
alert_003407,noise_7
alert_002068,noise_18
alert_003163,noise_13
alert_000718,noise_18
alert_001550,noise_0
alert_001274,noise_24
alert_004725,noise_25
alert_002938,noise_38
alert_001117,noise_17
alert_002372,noise_22
alert_002020,noise_20
alert_003981,noise_31
alert_003747,noise_47
alert_003950,noise_0
alert_001965,noise_15
alert_004639,noise_39
alert_004143,noise_43
alert_003822,noise_22
alert_003609,noise_9
alert_003637,noise_37
alert_002323,noise_23
alert_001840,noise_40
alert_002103,noise_3
alert_000844,noise_44
alert_000143,noise_43
alert_003240,noise_40
alert_001189,noise_39
alert_003499,noise_49
alert_000448,noise_48
alert_001983,noise_33
alert_002917,noise_17
alert_002371,noise_21
alert_004159,noise_9
alert_000658,noise_8
alert_001713,noise_13
alert_001209,noise_9
alert_000901,noise_1
alert_003812,noise_12
alert_002847,noise_47
alert_002046,noise_46
alert_002619,noise_19
alert_000363,noise_13
alert_004581,noise_31
alert_003626,noise_26
alert_003756,noise_6
alert_002114,noise_14
alert_002376,noise_26
alert_001968,noise_18
alert_003165,noise_15
alert_001172,noise_22
alert_003455,noise_5
alert_004676,noise_26
alert_001427,noise_27
alert_001116,noise_16
alert_002381,noise_31
alert_001735,noise_35
alert_002814,noise_14
alert_000942,noise_42
alert_000606,noise_6
alert_001744,noise_44
alert_003640,noise_40
alert_003389,noise_39
alert_004550,noise_0
alert_000710,noise_10
alert_000023,noise_23
alert_004258,noise_8
alert_004344,noise_44
alert_003392,noise_42
alert_001246,noise_46
alert_001508,noise_8
alert_001787,noise_37
alert_001204,noise_4
alert_004714,noise_14
alert_003547,noise_47
alert_003181,noise_31
alert_003053,noise_3
alert_000706,noise_6
alert_000663,noise_13
alert_000345,noise_45
alert_004927,noise_27
alert_003233,noise_33
alert_001810,noise_10
alert_000818,noise_18
alert_002576,noise_26
alert_000556,noise_6
alert_003955,noise_5
alert_001668,noise_18
alert_001185,noise_35
alert_003033,noise_33
alert_000154,noise_4
alert_003470,noise_20
alert_003103,noise_3
alert_001089,noise_39
alert_004040,noise_40
alert_004203,noise_3
alert_004177,noise_27
alert_000631,noise_31
alert_003553,noise_3
alert_002667,noise_17
alert_002566,noise_16
alert_001784,noise_34
alert_004924,noise_24
alert_002334,noise_34
alert_002147,noise_47
alert_003754,noise_4
alert_000110,noise_10
alert_002146,noise_46
alert_004189,noise_39
alert_002569,noise_19
alert_003357,noise_7
alert_000563,noise_13
alert_003845,noise_45
alert_004450,noise_0
alert_002268,noise_18
alert_001704,noise_4
alert_004613,noise_13
alert_000623,noise_23
alert_003015,noise_15
alert_004275,noise_25
alert_002438,noise_38
alert_004757,noise_7
alert_002503,noise_3
alert_003762,noise_12
alert_000549,noise_49
alert_003999,noise_49
alert_001794,noise_44
alert_002496,noise_46
alert_000428,noise_28
alert_001070,noise_20
alert_004426,noise_26
alert_000397,noise_47
alert_004840,noise_40
alert_004794,noise_44
alert_004194,noise_44
alert_004623,noise_23
alert_001825,noise_25
alert_002686,noise_36
alert_001054,noise_4
alert_002208,noise_8
alert_000812,noise_12
alert_000940,noise_40
alert_000719,noise_19
alert_002498,noise_48
alert_002010,noise_10
alert_004772,noise_22
alert_004115,noise_15
alert_001621,noise_21
alert_002289,noise_39
alert_002433,noise_33
alert_001064,noise_14
alert_003311,noise_11
alert_003107,noise_7
alert_001044,noise_44
alert_004953,noise_3
alert_003936,noise_36
alert_001165,noise_15
alert_000103,noise_3
alert_003486,noise_36
alert_001485,noise_35
alert_002727,noise_27
alert_001984,noise_34
alert_004974,noise_24
alert_000784,noise_34
alert_004341,noise_41
alert_002611,noise_11
alert_004568,noise_18
alert_001474,noise_24
alert_004637,noise_37
alert_002225,noise_25
alert_004820,noise_20
alert_004903,noise_3
alert_000882,noise_32
alert_000201,noise_1
alert_001360,noise_10
alert_004089,noise_39
alert_000314,noise_14
alert_000456,noise_6
alert_004705,noise_5
alert_003648,noise_48
alert_001526,noise_26
alert_004979,noise_29
alert_002783,noise_33
alert_000065,noise_15
alert_001733,noise_33
alert_003092,noise_42
alert_001789,noise_39
alert_001322,noise_22
alert_004263,noise_13
alert_002360,noise_10
alert_004741,noise_41
alert_002623,noise_23
alert_002346,noise_46
alert_002416,noise_16
alert_003579,noise_29
alert_002825,noise_25
alert_002860,noise_10
alert_001147,noise_47
alert_003561,noise_11
alert_003263,noise_13
alert_003403,noise_3
alert_003721,noise_21
alert_001149,noise_49
alert_001691,noise_41
alert_001249,noise_49
alert_002380,noise_30
alert_000778,noise_28
alert_003600,noise_0
alert_003792,noise_42
alert_001307,noise_7
alert_004710,noise_10
alert_003556,noise_6
alert_002335,noise_35
alert_002445,noise_45
alert_004630,noise_30
alert_004478,noise_28
alert_003677,noise_27
alert_002512,noise_12
alert_000281,noise_31
alert_003194,noise_44
alert_001098,noise_48
alert_000914,noise_14
alert_003957,noise_7
alert_004579,noise_29
alert_000105,noise_5
alert_002477,noise_27
alert_000002,noise_2
alert_001652,noise_2
alert_002375,noise_25
alert_000331,noise_31
alert_004001,noise_1
alert_004589,noise_39
alert_000109,noise_9
alert_001200,noise_0
alert_002464,noise_14
alert_001773,noise_23
alert_003367,noise_17
alert_002912,noise_12
alert_001663,noise_13
alert_000225,noise_25
alert_004842,noise_42
alert_002586,noise_36
alert_000724,noise_24
alert_001407,noise_7
alert_003696,noise_46
alert_003993,noise_43
alert_002626,noise_26
alert_004553,noise_3
alert_000781,noise_31
alert_004134,noise_34
alert_001164,noise_14
alert_002757,noise_7
alert_001276,noise_26
alert_004855,noise_5
alert_001258,noise_8
alert_003860,noise_10
alert_002130,noise_30
alert_002621,noise_21
alert_000627,noise_27
alert_002873,noise_23
alert_000124,noise_24
alert_004958,noise_8
alert_002951,noise_1
alert_004626,noise_26
alert_000290,noise_40
alert_002093,noise_43
alert_002157,noise_7
alert_001952,noise_2
alert_000877,noise_27
alert_004868,noise_18
alert_003472,noise_22
alert_000854,noise_4
alert_001404,noise_4
alert_004529,noise_29
alert_002065,noise_15
alert_001242,noise_42
alert_002987,noise_37
alert_003196,noise_46
alert_003778,noise_28
alert_002353,noise_3
alert_004915,noise_15
alert_002450,noise_0
alert_002556,noise_6
alert_004310,noise_10
alert_001779,noise_29
alert_003285,noise_35
alert_003619,noise_19
alert_004257,noise_7
alert_003343,noise_43
alert_004279,noise_29
alert_000809,noise_9
alert_004508,noise_8
alert_000909,noise_9
alert_004632,noise_32
alert_004980,noise_30
alert_001804,noise_4
alert_003258,noise_8
alert_000131,noise_31
alert_004211,noise_11
alert_002244,noise_44
alert_001650,noise_0
alert_003712,noise_12
alert_002151,noise_1
alert_004343,noise_43
alert_002369,noise_19
alert_001656,noise_6
alert_004663,noise_13
alert_004329,noise_29
alert_003521,noise_21
alert_003852,noise_2
alert_000544,noise_44
alert_001709,noise_9
alert_004774,noise_24
alert_002306,noise_6
alert_002161,noise_11
alert_000586,noise_36
alert_000070,noise_20
alert_001075,noise_25
alert_001080,noise_30
alert_002279,noise_29
alert_001374,noise_24
alert_002078,noise_28
alert_000712,noise_12
alert_003622,noise_22
alert_001750,noise_0
alert_002101,noise_1
alert_000342,noise_42
alert_002017,noise_17
alert_004012,noise_12
alert_003423,noise_23
alert_002339,noise_39
alert_000431,noise_31
alert_002259,noise_9
alert_001268,noise_18
alert_004238,noise_38
alert_001903,noise_3
alert_002108,noise_8
alert_000390,noise_40
alert_000702,noise_2
alert_003069,noise_19
alert_000001,noise_1
alert_002087,noise_37
alert_000241,noise_41
alert_000056,noise_6
alert_000035,noise_35
alert_003375,noise_25
alert_001402,noise_2
alert_001971,noise_21
alert_003977,noise_27
alert_004152,noise_2
alert_003251,noise_1
alert_001065,noise_15
alert_000134,noise_34
alert_002460,noise_10
alert_002513,noise_13
alert_004102,noise_2
alert_002596,noise_46
alert_000878,noise_28
alert_001490,noise_40
alert_000150,noise_0
alert_000617,noise_17
alert_000334,noise_34
alert_003535,noise_35
alert_004126,noise_26
alert_001101,noise_1
alert_002563,noise_13
alert_003417,noise_17
alert_002172,noise_22
alert_001355,noise_5
alert_001859,noise_9
alert_001547,noise_47
alert_003271,noise_21
alert_002469,noise_19
alert_000770,noise_20
alert_002875,noise_25
alert_000199,noise_49
alert_004402,noise_2
alert_001184,noise_34
alert_002861,noise_11
alert_002090,noise_40
alert_003397,noise_47
alert_001496,noise_46
alert_000190,noise_40
alert_000704,noise_4
alert_004208,noise_8
alert_004912,noise_12
alert_001220,noise_20
alert_002006,noise_6
alert_004816,noise_16
alert_004184,noise_34
alert_002405,noise_5
alert_000506,noise_6
alert_002905,noise_5
alert_004972,noise_22
alert_000482,noise_32
alert_000093,noise_43
alert_002522,noise_22
alert_003681,noise_31
alert_000311,noise_11
alert_000986,noise_36
alert_000640,noise_40
alert_000235,noise_35
alert_001617,noise_17
alert_000282,noise_32
alert_000558,noise_8
alert_002574,noise_24
alert_004212,noise_12
alert_004896,noise_46
alert_002007,noise_7
alert_002507,noise_7
alert_002362,noise_12
alert_001534,noise_34
alert_004755,noise_5
alert_001320,noise_20
alert_003156,noise_6
alert_002430,noise_30
alert_004844,noise_44
alert_004245,noise_45
alert_003122,noise_22
alert_002837,noise_37
alert_003350,noise_0
alert_003272,noise_22
alert_000928,noise_28
alert_004312,noise_12
alert_002891,noise_41
alert_004625,noise_25
alert_001011,noise_11
alert_001934,noise_34
alert_000923,noise_23
alert_000394,noise_44
alert_002397,noise_47
alert_000956,noise_6
alert_001524,noise_24
alert_000773,noise_23
alert_001563,noise_13
alert_001465,noise_15
alert_002618,noise_18
alert_001476,noise_26
alert_000033,noise_33
alert_004738,noise_38
alert_003345,noise_45
alert_004253,noise_3
alert_000879,noise_29
alert_002174,noise_24
alert_004573,noise_23
alert_001492,noise_42
alert_004923,noise_23
alert_001548,noise_48
alert_000403,noise_3
alert_004303,noise_3
alert_000510,noise_10
alert_001675,noise_25
alert_001936,noise_36
alert_002198,noise_48
alert_003946,noise_46
alert_002296,noise_46
alert_002927,noise_27
alert_002932,noise_32
alert_000386,noise_36
alert_002115,noise_15
alert_002071,noise_21
alert_000511,noise_11
alert_003545,noise_45
alert_003434,noise_34
alert_004618,noise_18
alert_004094,noise_44
alert_003952,noise_2
alert_000917,noise_17
alert_001142,noise_42
alert_002730,noise_30
alert_000989,noise_39
alert_000655,noise_5
alert_003097,noise_47
alert_003207,noise_7
alert_002734,noise_34
alert_004537,noise_37
alert_002944,noise_44
alert_004698,noise_48
alert_003763,noise_13
alert_003853,noise_3
alert_000746,noise_46
alert_003590,noise_40
alert_001993,noise_43
alert_002355,noise_5
alert_003030,noise_30
alert_002267,noise_17
alert_003214,noise_14
alert_004910,noise_10
alert_004427,noise_27
alert_001935,noise_35
alert_004831,noise_31
alert_001815,noise_15
alert_004666,noise_16
alert_002553,noise_3
alert_000437,noise_37
alert_000870,noise_20
alert_001608,noise_8
alert_000203,noise_3
alert_000847,noise_47
alert_001012,noise_12
alert_000801,noise_1
alert_001772,noise_22
alert_003310,noise_10
alert_004921,noise_21
alert_002830,noise_30
alert_001622,noise_22
alert_003224,noise_24
alert_002733,noise_33
alert_004932,noise_32
alert_001272,noise_22
alert_004681,noise_31
alert_003108,noise_8
alert_004399,noise_49
alert_003496,noise_46
alert_000960,noise_10
alert_003037,noise_37
alert_000366,noise_16
alert_004539,noise_39
alert_004621,noise_21
alert_002137,noise_37
alert_004356,noise_6
alert_004545,noise_45
alert_004697,noise_47
alert_002554,noise_4
alert_001969,noise_19
alert_000013,noise_13
alert_001183,noise_33
alert_004084,noise_34
alert_004718,noise_18
alert_004076,noise_26
alert_000913,noise_13
alert_000361,noise_11
alert_003313,noise_13
alert_000677,noise_27
alert_003813,noise_13
alert_003518,noise_18
alert_001429,noise_29
alert_002562,noise_12
alert_004101,noise_1
alert_002091,noise_41
alert_002049,noise_49
alert_002209,noise_9
alert_000533,noise_33
alert_004988,noise_38
alert_004848,noise_48
alert_002440,noise_40
alert_003304,noise_4
alert_000845,noise_45
alert_004142,noise_42
alert_003236,noise_36
alert_002778,noise_28
alert_000389,noise_39
alert_001856,noise_6
alert_002793,noise_43
alert_001025,noise_25
alert_002429,noise_29
alert_003867,noise_17
alert_003044,noise_44
alert_004365,noise_15
alert_000990,noise_40
alert_004144,noise_44
alert_001109,noise_9
alert_001173,noise_23
alert_000256,noise_6
alert_003277,noise_27
alert_004570,noise_20
alert_002803,noise_3
alert_002204,noise_4
alert_002330,noise_30
alert_001043,noise_43
alert_002250,noise_0
alert_001472,noise_22
alert_002589,noise_39
alert_004905,noise_5
alert_000116,noise_16
alert_001739,noise_39
alert_002816,noise_16
alert_001693,noise_43
alert_003805,noise_5
alert_001442,noise_42
alert_004593,noise_43
alert_004078,noise_28
alert_002840,noise_40
alert_004850,noise_0
alert_003387,noise_37
alert_002704,noise_4
alert_000994,noise_44
alert_003126,noise_26
alert_003665,noise_15
alert_002527,noise_27
alert_001584,noise_34
alert_001894,noise_44
alert_003325,noise_25
alert_000723,noise_23
alert_003652,noise_2
alert_003647,noise_47
alert_003767,noise_17
alert_004993,noise_43
alert_004167,noise_17
alert_004501,noise_1
alert_002658,noise_8
alert_000375,noise_25
alert_001324,noise_24
alert_001942,noise_42
alert_000699,noise_49
alert_000472,noise_22
alert_002052,noise_2
alert_000163,noise_13
alert_003479,noise_29
alert_002080,noise_30
alert_001251,noise_1
alert_002111,noise_11
alert_001921,noise_21
alert_001653,noise_3
alert_000852,noise_2
alert_000929,noise_29
alert_003205,noise_5
alert_003855,noise_5
alert_004125,noise_25
alert_004951,noise_1
alert_004644,noise_44
alert_001074,noise_24
alert_001463,noise_13
alert_003457,noise_7
alert_002406,noise_6
alert_002122,noise_22
alert_000948,noise_48
alert_001466,noise_16
alert_001603,noise_3
alert_004080,noise_30
alert_003137,noise_37
alert_003080,noise_30
alert_003219,noise_19
alert_002557,noise_7
alert_001717,noise_17
alert_002478,noise_28
alert_004660,noise_10
alert_004386,noise_36
alert_002967,noise_17
alert_003576,noise_26
alert_002079,noise_29
alert_001338,noise_38
alert_000547,noise_47
alert_004640,noise_40
alert_004883,noise_33
alert_004241,noise_41
alert_004851,noise_1
alert_003025,noise_25
alert_004739,noise_39
alert_004543,noise_43
alert_001047,noise_47
alert_002759,noise_9
alert_001336,noise_36
alert_003883,noise_33
alert_004034,noise_34
alert_000098,noise_48
alert_001066,noise_16
alert_001447,noise_47
alert_004330,noise_30
alert_003166,noise_16
alert_003739,noise_39
alert_004942,noise_42
alert_000864,noise_14
alert_004673,noise_23
alert_002786,noise_36
alert_002936,noise_36
alert_000179,noise_29
alert_002036,noise_36
alert_001051,noise_1
alert_004363,noise_13
alert_001765,noise_15
alert_001423,noise_23
alert_004191,noise_41
alert_003610,noise_10
alert_003362,noise_12
alert_002627,noise_27
alert_001004,noise_4
alert_000553,noise_3
alert_003142,noise_42
alert_004044,noise_44
alert_001122,noise_22
alert_003876,noise_26
alert_002118,noise_18
alert_003447,noise_47
alert_003104,noise_4
alert_003247,noise_47
alert_004795,noise_45
alert_002286,noise_36
alert_000873,noise_23
alert_002132,noise_32
alert_002773,noise_23
alert_004468,noise_18
alert_000976,noise_26
alert_004359,noise_9
alert_000053,noise_3
alert_002672,noise_22
alert_004231,noise_31
alert_002731,noise_31
alert_002950,noise_0
alert_001771,noise_21
alert_002152,noise_2
alert_001616,noise_16
alert_001565,noise_15
alert_004444,noise_44
alert_004605,noise_5
alert_003364,noise_14
alert_004535,noise_35
alert_004622,noise_22
alert_000555,noise_5
alert_004976,noise_26
alert_004068,noise_18
alert_003322,noise_22
alert_004476,noise_26
alert_001898,noise_48
alert_000715,noise_15
alert_002684,noise_34
alert_004729,noise_29
alert_001428,noise_28
alert_000517,noise_17
alert_001828,noise_28
alert_004448,noise_48
alert_001533,noise_33
alert_004007,noise_7
alert_001630,noise_30
alert_000435,noise_35
alert_004280,noise_30
alert_003731,noise_31
alert_002971,noise_21
alert_001824,noise_24
alert_000454,noise_4
alert_001706,noise_6
alert_001174,noise_24
alert_003564,noise_14
alert_002326,noise_26
alert_003566,noise_16
alert_003653,noise_3
alert_002524,noise_24
alert_003840,noise_40
alert_001384,noise_34
alert_002871,noise_21
alert_001163,noise_13
alert_000598,noise_48
alert_004146,noise_46
alert_004195,noise_45
alert_002980,noise_30
alert_001977,noise_27
alert_002367,noise_17
alert_002697,noise_47
alert_004069,noise_19
alert_002169,noise_19
alert_002368,noise_18
alert_003539,noise_39
alert_000118,noise_18
alert_002083,noise_33
alert_002845,noise_45
alert_004079,noise_29
alert_002941,noise_41
alert_004913,noise_13
alert_003273,noise_23
alert_001451,noise_1
alert_003112,noise_12
alert_000297,noise_47
alert_004780,noise_30
alert_001222,noise_22
alert_002139,noise_39
alert_002126,noise_26
alert_000825,noise_25
alert_002185,noise_35
alert_003935,noise_35
alert_004734,noise_34
alert_001015,noise_15
alert_000683,noise_33
alert_001958,noise_8
alert_002972,noise_22
alert_004429,noise_29
alert_000897,noise_47
alert_004174,noise_24
alert_000570,noise_20
alert_002819,noise_19
alert_002424,noise_24
alert_001079,noise_29
alert_001838,noise_38
alert_001991,noise_41
alert_000766,noise_16
alert_001785,noise_35
alert_001091,noise_41
alert_001450,noise_0
alert_003028,noise_28
alert_002202,noise_2
alert_000480,noise_30
alert_004202,noise_2
alert_004061,noise_11
alert_004814,noise_14
alert_000166,noise_16
alert_003452,noise_2
alert_001912,noise_12
alert_002807,noise_7
alert_000582,noise_32
alert_003475,noise_25
alert_003613,noise_13
alert_001742,noise_42
alert_003139,noise_39
alert_002784,noise_34
alert_000121,noise_21
alert_002493,noise_43
alert_004604,noise_4
alert_000060,noise_10
alert_003801,noise_1
alert_004440,noise_40
alert_000600,noise_0
alert_001171,noise_21
alert_004073,noise_23
alert_004753,noise_3
alert_004291,noise_41
alert_000333,noise_33
alert_003280,noise_30
alert_004901,noise_1
alert_001135,noise_35
alert_001988,noise_38
alert_003347,noise_47
alert_000636,noise_36
alert_001347,noise_47
alert_000312,noise_12
alert_003986,noise_36
alert_000462,noise_12
alert_003187,noise_37
alert_003014,noise_14
alert_002163,noise_13
alert_000223,noise_23
alert_002431,noise_31
alert_002567,noise_17
alert_002648,noise_48
alert_004338,noise_38
alert_002872,noise_22
alert_001657,noise_7
alert_002926,noise_26
alert_000795,noise_45
alert_000111,noise_11
alert_001707,noise_7
alert_003094,noise_44
alert_003943,noise_43
alert_000330,noise_30
alert_000034,noise_34
alert_003933,noise_33
alert_001932,noise_32
alert_000642,noise_42
alert_000828,noise_28
alert_004414,noise_14
alert_002699,noise_49
alert_001104,noise_4
alert_001951,noise_1
alert_001124,noise_24
alert_002752,noise_2
alert_003667,noise_17
alert_004886,noise_36
alert_004230,noise_30
alert_001699,noise_49
alert_002744,noise_44
alert_004987,noise_37
alert_003148,noise_48
alert_000372,noise_22
alert_001947,noise_47
alert_004914,noise_14
alert_000117,noise_17
alert_000925,noise_25
alert_003314,noise_14
alert_003970,noise_20
alert_000656,noise_6
alert_003283,noise_33
alert_002056,noise_6
alert_003061,noise_11
alert_000272,noise_22
alert_000826,noise_26
alert_003160,noise_10
alert_004813,noise_13
alert_001501,noise_1
alert_003601,noise_1
alert_000764,noise_14
alert_000848,noise_48
alert_000691,noise_41
alert_003896,noise_46
alert_004188,noise_38
alert_003882,noise_32
alert_003595,noise_45
alert_002224,noise_24
alert_004736,noise_36
alert_000317,noise_17
alert_002148,noise_48
alert_000794,noise_44
alert_001396,noise_46
alert_001459,noise_9
alert_001328,noise_28
alert_001041,noise_41
alert_002674,noise_24
alert_003575,noise_25
alert_004326,noise_26
alert_001198,noise_48
alert_003676,noise_26
alert_003395,noise_45
alert_002230,noise_30
alert_000624,noise_24
alert_000987,noise_37
alert_003149,noise_49
alert_000748,noise_48
alert_001275,noise_25
alert_001814,noise_14
alert_002074,noise_24
alert_003218,noise_18
alert_000728,noise_28
alert_003320,noise_20
alert_002780,noise_30
alert_004412,noise_12
alert_002264,noise_14
alert_004776,noise_26
alert_002833,noise_33
alert_001287,noise_37
alert_003489,noise_39
alert_000775,noise_25
alert_001721,noise_21
alert_002471,noise_21
alert_002311,noise_11
alert_004869,noise_19
alert_002636,noise_36
alert_003856,noise_6
alert_002933,noise_33
alert_002827,noise_27
alert_001943,noise_43
alert_003715,noise_15
alert_004549,noise_49
alert_003559,noise_9
alert_002014,noise_14
alert_000499,noise_49
alert_000786,noise_36
alert_003125,noise_25
alert_000122,noise_22
alert_002528,noise_28
alert_001629,noise_29
alert_003048,noise_48
alert_004013,noise_13
alert_003989,noise_39
alert_004919,noise_19
alert_002480,noise_30
alert_001092,noise_42
alert_001034,noise_34
alert_000800,noise_0
alert_000236,noise_36
alert_001687,noise_37
alert_001671,noise_21
alert_002709,noise_9
alert_001381,noise_31
alert_000248,noise_48
alert_002675,noise_25
alert_003900,noise_0
alert_002679,noise_29
alert_002067,noise_17
alert_002649,noise_49
alert_002013,noise_13
alert_001922,noise_22
alert_003154,noise_4
alert_003254,noise_4
alert_000077,noise_27
alert_000912,noise_12
alert_003414,noise_14
alert_004703,noise_3
alert_004271,noise_21
alert_002629,noise_29
alert_000277,noise_27
alert_004933,noise_33
alert_002234,noise_34
alert_002322,noise_22
alert_000756,noise_6
alert_001245,noise_45
alert_001914,noise_14
alert_001788,noise_38
alert_001475,noise_25
alert_003627,noise_27
alert_003232,noise_32
alert_003529,noise_29
alert_004519,noise_19
alert_001604,noise_4
alert_002661,noise_11
alert_002466,noise_16
alert_000255,noise_5
alert_001882,noise_32
alert_004680,noise_30
alert_001577,noise_27
alert_000418,noise_18
alert_001655,noise_5
alert_002162,noise_12
alert_001001,noise_1
alert_000432,noise_32
alert_003078,noise_28
alert_000709,noise_9
alert_001676,noise_26
alert_003899,noise_49
alert_000832,noise_32
alert_004733,noise_33
alert_002644,noise_44
alert_003836,noise_36
alert_000198,noise_48
alert_002959,noise_9
alert_002657,noise_7
alert_001326,noise_26
alert_000031,noise_31
alert_004839,noise_39
alert_003931,noise_31
alert_002018,noise_18
alert_002878,noise_28
alert_003992,noise_42
alert_002205,noise_5
alert_002593,noise_43
alert_002384,noise_34
alert_000536,noise_36
alert_001346,noise_46
alert_003222,noise_22
alert_003441,noise_41
alert_002573,noise_23
alert_000648,noise_48
alert_002998,noise_48
alert_000754,noise_4
alert_003596,noise_46
alert_001234,noise_34
alert_003517,noise_17
alert_002145,noise_45
alert_003471,noise_21
alert_004163,noise_13
alert_002862,noise_12
alert_003511,noise_11
alert_000867,noise_17
alert_004866,noise_16
alert_000851,noise_1
alert_000821,noise_21
alert_003138,noise_38
alert_004494,noise_44
alert_002121,noise_21
alert_003821,noise_21
alert_002210,noise_10
alert_000935,noise_35
alert_004470,noise_20
alert_004504,noise_4
alert_000107,noise_7
alert_002338,noise_38
alert_003203,noise_3
alert_001195,noise_45
alert_003737,noise_37
alert_003844,noise_44
alert_002982,noise_32
alert_003114,noise_14
alert_001318,noise_18
alert_003669,noise_19
alert_000953,noise_3
alert_003424,noise_24
alert_001197,noise_47
alert_003505,noise_5
alert_003741,noise_41
alert_002136,noise_36
alert_000071,noise_21
alert_002396,noise_46
alert_002287,noise_37
alert_002218,noise_18
alert_004916,noise_16
alert_000581,noise_31
alert_002694,noise_44
alert_004074,noise_24
alert_003929,noise_29
alert_000916,noise_16
alert_004532,noise_32
alert_004361,noise_11
alert_001499,noise_49
alert_000420,noise_20
alert_004862,noise_12
alert_003528,noise_28
alert_000729,noise_29
alert_000906,noise_6
alert_003432,noise_32
alert_000880,noise_30
alert_000967,noise_17
alert_004045,noise_45
alert_003872,noise_22
alert_004669,noise_19
alert_000064,noise_14
alert_002854,noise_4
alert_001300,noise_0
alert_002110,noise_10
alert_002918,noise_18
alert_002273,noise_23
alert_003374,noise_24
alert_002402,noise_2
alert_002536,noise_36
alert_001170,noise_20
alert_004783,noise_33
alert_004206,noise_6
alert_000459,noise_9
alert_000738,noise_38
alert_001218,noise_18
alert_002605,noise_5
alert_001152,noise_2
alert_000457,noise_7
alert_004837,noise_37
alert_000934,noise_34
alert_002379,noise_29
alert_002004,noise_4
alert_000625,noise_25
alert_003059,noise_9
alert_001228,noise_28
alert_000840,noise_40
alert_004608,noise_8
alert_003864,noise_14
alert_002047,noise_47
alert_003650,noise_0
alert_002666,noise_16
alert_004336,noise_36
alert_002143,noise_43
alert_000720,noise_20
alert_000673,noise_23
alert_003170,noise_20
alert_004057,noise_7
alert_002303,noise_3
alert_003569,noise_19
alert_001632,noise_32
alert_001596,noise_46
alert_003704,noise_4
alert_001153,noise_3
alert_000094,noise_44
alert_002313,noise_13
alert_004234,noise_34
alert_002452,noise_2
alert_000695,noise_45
alert_001802,noise_2
alert_002009,noise_9
alert_004269,noise_19
alert_003625,noise_25
alert_003415,noise_15
alert_003765,noise_15
alert_000450,noise_0
alert_004256,noise_6
alert_003077,noise_27
alert_004484,noise_34
alert_000019,noise_19
alert_003495,noise_45
alert_001229,noise_29
alert_002911,noise_11
alert_004773,noise_23
alert_003544,noise_44
alert_002015,noise_15
alert_003727,noise_27
alert_003331,noise_31
alert_003827,noise_27
alert_001217,noise_17
alert_001530,noise_30
alert_004460,noise_10
alert_001595,noise_45
alert_004218,noise_18
alert_000757,noise_7
alert_004235,noise_35
alert_002940,noise_40
alert_001822,noise_22
alert_003354,noise_4
alert_001743,noise_43
alert_002089,noise_39
alert_004383,noise_33
alert_004260,noise_10
alert_003984,noise_34
alert_000250,noise_0
alert_003512,noise_12
alert_001445,noise_45
alert_001506,noise_6
alert_002973,noise_23
alert_002193,noise_43
alert_004290,noise_40
alert_001592,noise_42
alert_003338,noise_38
alert_003260,noise_10
alert_004792,noise_42
alert_004130,noise_30
alert_003557,noise_7
alert_004602,noise_2
alert_003230,noise_30
alert_004737,noise_37
alert_000218,noise_18
alert_001386,noise_36
alert_004796,noise_46
alert_000322,noise_22
alert_004633,noise_33
alert_002954,noise_4
alert_003503,noise_3
alert_004173,noise_23
alert_001946,noise_46
alert_002654,noise_4
alert_003202,noise_2
alert_004325,noise_25
alert_000853,noise_3
alert_003212,noise_12
alert_004358,noise_8
alert_002974,noise_24
alert_001549,noise_49
alert_003921,noise_21
alert_001024,noise_24
alert_004122,noise_22
alert_001564,noise_14
alert_003200,noise_0
alert_003880,noise_30
alert_002570,noise_20
alert_003242,noise_42
alert_003748,noise_48
alert_004512,noise_12
alert_001296,noise_46
alert_001179,noise_29
alert_004328,noise_28
alert_000221,noise_21
alert_004707,noise_7
alert_003682,noise_32
alert_001537,noise_37
alert_001697,noise_47
alert_001607,noise_7
alert_000104,noise_4
alert_002615,noise_15
alert_000214,noise_14
alert_001670,noise_20
alert_000824,noise_24
alert_004998,noise_48
alert_001449,noise_49
alert_004161,noise_11
alert_003405,noise_5
alert_003326,noise_26
alert_001527,noise_27
alert_003157,noise_7
alert_000368,noise_18
alert_001203,noise_3
alert_004049,noise_49
alert_000298,noise_48
alert_000054,noise_4
alert_002594,noise_44
alert_000164,noise_14
alert_000393,noise_43
alert_004207,noise_7
alert_003578,noise_28
alert_004333,noise_33
alert_004781,noise_31
alert_000315,noise_15
alert_001781,noise_31
alert_004431,noise_31
alert_000872,noise_22
alert_002173,noise_23
alert_002365,noise_15
alert_003143,noise_43
alert_003490,noise_40
alert_003597,noise_47
alert_002526,noise_26
alert_003995,noise_45
alert_003435,noise_35
alert_003962,noise_12
alert_003188,noise_38
alert_001642,noise_42
alert_001210,noise_10
alert_002533,noise_33
alert_003833,noise_33
alert_000980,noise_30
alert_004577,noise_27
alert_002252,noise_2
alert_004991,noise_41
alert_001028,noise_28
alert_003450,noise_0
alert_004557,noise_7
alert_002054,noise_4
alert_002128,noise_28
alert_003624,noise_24
alert_004668,noise_18
alert_004944,noise_44
alert_000528,noise_28
alert_001333,noise_33
alert_003842,noise_42
alert_001688,noise_38
alert_002442,noise_42
alert_003264,noise_14
alert_003296,noise_46
alert_002997,noise_47
alert_003711,noise_11
alert_000373,noise_23
alert_000742,noise_42
alert_002529,noise_29
alert_000364,noise_14
alert_000294,noise_44
alert_000936,noise_36
alert_001182,noise_32
alert_000213,noise_13
alert_000442,noise_42
storm_2_0_checkout,storm_2
storm_2_0_catalog,storm_2
storm_2_0_billing,storm_2
storm_2_0_auth,storm_2
alert_004730,noise_30
storm_2_0_inventory,storm_2
storm_2_0_fraud,storm_2
storm_2_0_shipping,storm_2
storm_2_1_shipping,storm_2
storm_2_1_inventory,storm_2
storm_2_1_auth,storm_2
storm_2_1_billing,storm_2
storm_2_1_catalog,storm_2
storm_2_1_checkout,storm_2
storm_2_1_fraud,storm_2
storm_2_2_checkout,storm_2
storm_2_2_catalog,storm_2
alert_002943,noise_43
storm_2_2_shipping,storm_2
storm_2_2_inventory,storm_2
alert_000385,noise_35
storm_2_2_fraud,storm_2
storm_2_2_billing,storm_2
storm_2_2_auth,storm_2
storm_2_3_fraud,storm_2
storm_2_3_inventory,storm_2
storm_2_3_billing,storm_2
storm_2_3_shipping,storm_2
storm_2_3_catalog,storm_2
storm_2_3_auth,storm_2
storm_2_3_checkout,storm_2
storm_2_4_fraud,storm_2
storm_2_4_catalog,storm_2
storm_2_4_billing,storm_2
storm_2_4_auth,storm_2
storm_2_4_inventory,storm_2
storm_2_4_shipping,storm_2
storm_2_4_checkout,storm_2
alert_000904,noise_4
storm_2_5_billing,storm_2
storm_2_5_checkout,storm_2
storm_2_5_catalog,storm_2
storm_2_5_shipping,storm_2
alert_000579,noise_29
storm_2_5_fraud,storm_2
storm_2_5_inventory,storm_2
storm_2_5_auth,storm_2
storm_2_6_fraud,storm_2
storm_2_6_catalog,storm_2
storm_2_6_billing,storm_2
storm_2_6_auth,storm_2
storm_2_6_inventory,storm_2
storm_2_6_checkout,storm_2
storm_2_6_shipping,storm_2
alert_001737,noise_37
storm_2_7_shipping,storm_2
storm_2_7_inventory,storm_2
alert_001323,noise_23
storm_2_7_auth,storm_2
storm_2_7_billing,storm_2
storm_2_7_catalog,storm_2
storm_2_7_checkout,storm_2
storm_2_7_fraud,storm_2
storm_2_8_shipping,storm_2
storm_2_8_inventory,storm_2
storm_2_8_auth,storm_2
storm_2_8_billing,storm_2
storm_2_8_catalog,storm_2
storm_2_8_checkout,storm_2
storm_2_8_fraud,storm_2
alert_000046,noise_46
alert_000068,noise_18
storm_2_9_billing,storm_2
storm_2_9_shipping,storm_2
storm_2_9_inventory,storm_2
storm_2_9_auth,storm_2
alert_003057,noise_7
alert_002271,noise_21
alert_004935,noise_35
storm_2_9_checkout,storm_2
storm_2_9_fraud,storm_2
alert_003757,noise_7
storm_2_9_catalog,storm_2
storm_2_10_catalog,storm_2
storm_2_10_fraud,storm_2
storm_2_10_shipping,storm_2
storm_2_10_inventory,storm_2
storm_2_10_auth,storm_2
storm_2_10_billing,storm_2
storm_2_10_checkout,storm_2
storm_2_11_shipping,storm_2
alert_002624,noise_24
storm_2_11_inventory,storm_2
storm_2_11_auth,storm_2
storm_2_11_catalog,storm_2
storm_2_11_checkout,storm_2
storm_2_11_fraud,storm_2
storm_2_11_billing,storm_2
alert_004261,noise_11
storm_2_12_checkout,storm_2
storm_2_12_catalog,storm_2
storm_2_12_billing,storm_2
storm_2_12_fraud,storm_2
storm_2_12_shipping,storm_2
storm_2_12_auth,storm_2
storm_2_12_inventory,storm_2
storm_2_13_fraud,storm_2
storm_2_13_shipping,storm_2
storm_2_13_inventory,storm_2
storm_2_13_auth,storm_2
storm_2_13_billing,storm_2
storm_2_13_catalog,storm_2
storm_2_13_checkout,storm_2
storm_2_14_inventory,storm_2
storm_2_14_auth,storm_2
storm_2_14_billing,storm_2
storm_2_14_catalog,storm_2
storm_2_14_checkout,storm_2
storm_2_14_fraud,storm_2
storm_2_14_shipping,storm_2
alert_002799,noise_49
storm_2_15_auth,storm_2
storm_2_15_inventory,storm_2
storm_2_15_fraud,storm_2
storm_2_15_checkout,storm_2
storm_2_15_shipping,storm_2
storm_2_15_billing,storm_2
storm_2_15_catalog,storm_2
storm_2_16_shipping,storm_2
storm_2_16_inventory,storm_2
storm_2_16_auth,storm_2
storm_2_16_billing,storm_2
storm_2_16_catalog,storm_2
storm_2_16_checkout,storm_2
storm_2_16_fraud,storm_2
alert_000303,noise_3
alert_004086,noise_36
storm_2_17_fraud,storm_2
storm_2_17_catalog,storm_2
alert_002178,noise_28
storm_2_17_auth,storm_2
storm_2_17_inventory,storm_2
storm_2_17_shipping,storm_2
storm_2_17_checkout,storm_2
storm_2_17_billing,storm_2
storm_2_18_shipping,storm_2
storm_2_18_inventory,storm_2
storm_2_18_auth,storm_2
storm_2_18_billing,storm_2
storm_2_18_checkout,storm_2
storm_2_18_fraud,storm_2
storm_2_18_catalog,storm_2
alert_004928,noise_28
alert_004960,noise_10
storm_2_19_auth,storm_2
storm_2_19_inventory,storm_2
storm_2_19_billing,storm_2
storm_2_19_shipping,storm_2
storm_2_19_catalog,storm_2
storm_2_19_checkout,storm_2
storm_2_19_fraud,storm_2
storm_2_20_fraud,storm_2
storm_2_20_checkout,storm_2
alert_004587,noise_37
storm_2_20_catalog,storm_2
storm_2_20_billing,storm_2
storm_2_20_auth,storm_2
storm_2_20_inventory,storm_2
alert_000159,noise_9
storm_2_20_shipping,storm_2
alert_001106,noise_6
storm_2_21_auth,storm_2
storm_2_21_inventory,storm_2
storm_2_21_catalog,storm_2
storm_2_21_checkout,storm_2
storm_2_21_fraud,storm_2
storm_2_21_billing,storm_2
storm_2_21_shipping,storm_2
alert_004294,noise_44
alert_002354,noise_4
storm_2_22_shipping,storm_2
storm_2_22_inventory,storm_2
storm_2_22_auth,storm_2
alert_001219,noise_19
alert_001791,noise_41
storm_2_22_billing,storm_2
storm_2_22_catalog,storm_2
storm_2_22_checkout,storm_2
storm_2_22_fraud,storm_2
storm_2_23_shipping,storm_2
storm_2_23_fraud,storm_2
storm_2_23_checkout,storm_2
storm_2_23_catalog,storm_2
storm_2_23_billing,storm_2
storm_2_23_auth,storm_2
storm_2_23_inventory,storm_2
alert_001749,noise_49
storm_2_24_inventory,storm_2
storm_2_24_shipping,storm_2
storm_2_24_fraud,storm_2
storm_2_24_checkout,storm_2
storm_2_24_catalog,storm_2
storm_2_24_auth,storm_2
storm_2_24_billing,storm_2
alert_002352,noise_2
alert_000073,noise_23
alert_002341,noise_41
alert_000675,noise_25
alert_000892,noise_42
alert_000494,noise_44
alert_002327,noise_27
alert_004876,noise_26
alert_004548,noise_48
alert_001469,noise_19
alert_000686,noise_36
alert_000354,noise_4
alert_002373,noise_23
alert_004285,noise_35
alert_003239,noise_39
alert_002525,noise_25
alert_004591,noise_41
alert_000269,noise_19
alert_002865,noise_15
alert_003506,noise_6
alert_003257,noise_7
alert_002035,noise_35
alert_004127,noise_27
alert_001368,noise_18
alert_004093,noise_43
alert_001417,noise_17
alert_001144,noise_44
alert_002678,noise_28
alert_002383,noise_33
alert_003113,noise_13
alert_004389,noise_39
alert_000414,noise_14
alert_002220,noise_20
alert_003562,noise_12
alert_002470,noise_20
alert_002454,noise_4
alert_002138,noise_38
alert_001800,noise_0
alert_001297,noise_47
alert_004975,noise_25
alert_000519,noise_19
alert_004104,noise_4
alert_004961,noise_11
alert_000412,noise_12
alert_001507,noise_7
alert_001377,noise_27
alert_003893,noise_43
alert_000747,noise_47
alert_004930,noise_30
alert_003759,noise_9
alert_000409,noise_9
alert_004586,noise_36
alert_002037,noise_37
alert_004222,noise_22
alert_002420,noise_20
alert_000039,noise_39
alert_003204,noise_4
alert_004405,noise_5
alert_002742,noise_42
alert_000597,noise_47
alert_001317,noise_17
alert_003606,noise_6
alert_001872,noise_22
alert_000186,noise_36
alert_003861,noise_11
alert_001058,noise_8
alert_000921,noise_21
alert_000063,noise_13
alert_003532,noise_32
alert_003830,noise_30
alert_001132,noise_32
alert_001753,noise_3
alert_000589,noise_39
alert_003694,noise_44
alert_003997,noise_47
alert_001573,noise_23
alert_001401,noise_1
alert_004176,noise_26
alert_002598,noise_48
alert_001288,noise_38
alert_001877,noise_27
alert_004472,noise_22
alert_003421,noise_21
alert_001865,noise_15
alert_004558,noise_8
alert_001060,noise_10
alert_001038,noise_38
alert_001212,noise_12
alert_003966,noise_16
alert_003363,noise_13
alert_003175,noise_25
alert_004759,noise_9
alert_001330,noise_30
alert_001489,noise_39
alert_003105,noise_5
alert_004569,noise_19
alert_001561,noise_11
alert_004793,noise_43
alert_000128,noise_28
alert_002945,noise_45
alert_004520,noise_20
alert_001394,noise_44
alert_003632,noise_32
alert_000047,noise_47
alert_001964,noise_14
alert_002921,noise_21
alert_004715,noise_15
alert_003011,noise_11
alert_003352,noise_2
alert_000740,noise_40
alert_003127,noise_27
alert_004077,noise_27
alert_001623,noise_23
alert_000846,noise_46
alert_004880,noise_30
alert_002042,noise_42
alert_001096,noise_46
alert_003735,noise_35
alert_004677,noise_27
alert_001543,noise_43
alert_002345,noise_45
alert_001795,noise_45
alert_003707,noise_7
alert_001986,noise_36
alert_002256,noise_6
alert_000737,noise_37
alert_003976,noise_26
alert_000484,noise_34
alert_004479,noise_29
alert_002603,noise_3
alert_001362,noise_12
alert_002232,noise_32
alert_000005,noise_5
alert_001597,noise_47
alert_003109,noise_9
alert_001651,noise_1
alert_001665,noise_15
alert_001862,noise_12
alert_001113,noise_13
alert_004277,noise_27
alert_001970,noise_20
alert_000564,noise_14
alert_000730,noise_30
alert_003631,noise_31
alert_003449,noise_49
alert_004005,noise_5
alert_003249,noise_49
alert_002278,noise_28
alert_003969,noise_19
alert_000228,noise_28
alert_004853,noise_3
alert_002755,noise_5
alert_004665,noise_15
alert_001424,noise_24
alert_000639,noise_39
alert_002066,noise_16
alert_002622,noise_22
alert_003826,noise_26
alert_000130,noise_30
alert_003259,noise_9
alert_002646,noise_46
alert_003875,noise_25
alert_001366,noise_16
alert_003803,noise_3
alert_002082,noise_32
alert_002411,noise_11
alert_000167,noise_17
alert_003816,noise_16
alert_002662,noise_12
alert_000902,noise_2
alert_001572,noise_22
alert_000574,noise_24
alert_003130,noise_30
alert_002981,noise_31
alert_002391,noise_41
alert_002333,noise_33
alert_002351,noise_1
alert_000557,noise_7
alert_000842,noise_42
alert_002578,noise_28
alert_001918,noise_18
alert_003436,noise_36
alert_003348,noise_48
alert_004483,noise_33
alert_002519,noise_19
alert_000399,noise_49
alert_004531,noise_31
alert_003293,noise_43
alert_003444,noise_44
alert_001302,noise_2
alert_004870,noise_20
alert_001416,noise_16
alert_004981,noise_31
alert_001158,noise_8
alert_004430,noise_30
alert_002390,noise_40
alert_003616,noise_16
alert_001452,noise_2
alert_003091,noise_41
alert_001056,noise_6
alert_001997,noise_47
alert_002214,noise_14
alert_004100,noise_0
alert_003412,noise_12
alert_000721,noise_21
alert_001689,noise_39
alert_004221,noise_21
alert_002485,noise_35
alert_002356,noise_6
alert_003119,noise_19
alert_002555,noise_5
alert_004398,noise_48
alert_004292,noise_42
alert_000161,noise_11
alert_003617,noise_17
alert_000091,noise_41
alert_001609,noise_9
alert_002073,noise_23
alert_003151,noise_1
alert_002257,noise_7
alert_003288,noise_38
alert_004791,noise_41
alert_004471,noise_21
alert_002228,noise_28
alert_000945,noise_45
alert_001319,noise_19
alert_004689,noise_39
alert_002797,noise_47
alert_003948,noise_48
alert_000814,noise_14
alert_003328,noise_28
alert_001929,noise_29
alert_001541,noise_41
alert_002300,noise_0
alert_002297,noise_47
alert_001774,noise_24
alert_004119,noise_19
alert_004305,noise_5
alert_000106,noise_6
alert_002804,noise_4
alert_004723,noise_23
alert_001389,noise_39
alert_001230,noise_30
alert_001841,noise_41
alert_001145,noise_45
alert_002749,noise_49
alert_003081,noise_31
alert_003799,noise_49
alert_000169,noise_19
alert_004804,noise_4
alert_000212,noise_12
alert_000632,noise_32
alert_003914,noise_14
alert_004999,noise_49
alert_003633,noise_33
alert_002922,noise_22
alert_003317,noise_17
alert_003646,noise_46
alert_000955,noise_5
alert_001369,noise_19
alert_002321,noise_21
alert_001057,noise_7
alert_001562,noise_12
alert_004113,noise_13
alert_003002,noise_2
alert_001777,noise_27
alert_001620,noise_20
alert_004992,noise_42
alert_004390,noise_40
alert_003533,noise_33
alert_004818,noise_18
alert_004250,noise_0
alert_004497,noise_47
alert_004014,noise_14
alert_003244,noise_44
alert_003903,noise_3
alert_002277,noise_27
alert_002534,noise_34
alert_003330,noise_30
alert_003445,noise_45
alert_000146,noise_46
alert_001962,noise_12
alert_003723,noise_23
alert_001532,noise_32
alert_002053,noise_3
alert_002318,noise_18
alert_004107,noise_7
alert_001861,noise_11
alert_002422,noise_22
alert_003570,noise_20
alert_000587,noise_37
alert_001605,noise_5
alert_001738,noise_38
alert_001503,noise_3
alert_000144,noise_44
alert_004526,noise_26
alert_001796,noise_46
alert_003063,noise_13
alert_001883,noise_33
alert_002746,noise_46
alert_000682,noise_32
alert_002721,noise_21
alert_002040,noise_40
alert_001546,noise_46
alert_001579,noise_29
alert_003243,noise_43
alert_000300,noise_0
alert_004536,noise_36
alert_002765,noise_15
alert_002309,noise_9
alert_000537,noise_37
alert_003661,noise_11
alert_002788,noise_38
alert_002908,noise_8
alert_002896,noise_46
alert_000745,noise_45
alert_000645,noise_45
alert_004590,noise_40
alert_002488,noise_38
alert_003857,noise_7
alert_002099,noise_49
alert_000735,noise_35
alert_000931,noise_31
alert_003897,noise_47
alert_003386,noise_36
alert_000173,noise_23
alert_004649,noise_49
alert_002179,noise_29
alert_002033,noise_33
alert_004929,noise_29
alert_001583,noise_33
alert_000584,noise_34
alert_002634,noise_34
alert_004963,noise_13
alert_004385,noise_35
alert_004790,noise_40
alert_002718,noise_18
alert_002251,noise_1
alert_003032,noise_32
alert_000982,noise_32
alert_001711,noise_11
alert_000026,noise_26
alert_001672,noise_22
alert_002134,noise_34
alert_003963,noise_13
alert_000007,noise_7
alert_004719,noise_19
alert_000348,noise_48
alert_002094,noise_44
alert_002638,noise_38
alert_002910,noise_10
alert_001586,noise_36
alert_002810,noise_10
alert_004740,noise_40
alert_004124,noise_24
alert_004658,noise_8
alert_002463,noise_13
alert_004610,noise_10
alert_003294,noise_44
alert_003016,noise_16
alert_003340,noise_40
alert_003085,noise_35
alert_003371,noise_21
alert_000055,noise_5
alert_001294,noise_44
alert_001659,noise_9
alert_003008,noise_8
alert_003071,noise_21
alert_003223,noise_23
alert_004394,noise_44
alert_000280,noise_30
alert_001045,noise_45
alert_002885,noise_35
alert_003898,noise_48
alert_001461,noise_11
alert_001816,noise_16
alert_003587,noise_37
alert_000427,noise_27
alert_003453,noise_3
alert_003306,noise_6
alert_002660,noise_10
alert_003110,noise_10
alert_001801,noise_1
alert_001843,noise_43
alert_002831,noise_31
alert_002890,noise_40
alert_001571,noise_21
alert_003031,noise_31
alert_003225,noise_25
alert_000357,noise_7
alert_000267,noise_17
alert_002012,noise_12
alert_003318,noise_18
alert_001758,noise_8
alert_000059,noise_9
alert_002447,noise_47
alert_000257,noise_7
alert_002851,noise_1
alert_002763,noise_13
alert_000542,noise_42
alert_001406,noise_6
alert_001481,noise_31
alert_001974,noise_24
alert_002456,noise_6
alert_002275,noise_25
alert_002549,noise_49
alert_004046,noise_46
alert_003391,noise_41
alert_004833,noise_33
alert_003378,noise_28
alert_004754,noise_4
alert_001260,noise_10
alert_001010,noise_10
alert_002060,noise_10
alert_000216,noise_16
alert_002543,noise_43
alert_000029,noise_29
alert_003698,noise_48
alert_001775,noise_25
alert_002591,noise_41
alert_004132,noise_32
alert_001018,noise_18
alert_000815,noise_15
alert_000694,noise_44
alert_001254,noise_4
alert_003451,noise_1
alert_004889,noise_39
alert_003973,noise_23
alert_003580,noise_30
alert_002639,noise_39
alert_000972,noise_22
alert_001162,noise_12
alert_004227,noise_27
alert_003465,noise_15
alert_004500,noise_0
alert_002691,noise_41
alert_003713,noise_13
alert_000512,noise_12
alert_003209,noise_9
alert_001353,noise_3
alert_002482,noise_32
alert_001591,noise_41
alert_003159,noise_9
alert_000100,noise_0
alert_003167,noise_17
alert_004446,noise_46
alert_000074,noise_24
alert_001482,noise_32
alert_002394,noise_44
alert_004265,noise_15
alert_003161,noise_11
alert_001154,noise_4
alert_000681,noise_31
alert_004048,noise_48
alert_004693,noise_43
alert_002109,noise_9
alert_003430,noise_30
alert_002407,noise_7
alert_002548,noise_48
alert_001383,noise_33
alert_004035,noise_35
alert_004262,noise_12
alert_004995,noise_45
alert_002398,noise_48
alert_003691,noise_41
alert_002962,noise_12
alert_000340,noise_40
alert_003659,noise_9
alert_004350,noise_0
alert_001137,noise_37
alert_001395,noise_45
alert_001725,noise_25
alert_002964,noise_14
alert_002315,noise_15
alert_000208,noise_8
alert_004220,noise_20
alert_001661,noise_11
alert_002489,noise_39
alert_004298,noise_48
alert_000010,noise_10
alert_003904,noise_4
alert_003022,noise_22
alert_001129,noise_29
alert_004384,noise_34
alert_002302,noise_2
alert_002544,noise_44
alert_004447,noise_47
alert_000352,noise_2
alert_003774,noise_24
alert_004063,noise_13
alert_003339,noise_39
alert_003920,noise_20
alert_002602,noise_2
alert_000860,noise_10
alert_002719,noise_19
alert_004407,noise_7
alert_002770,noise_20
alert_002269,noise_19
alert_004937,noise_37
alert_003526,noise_26
alert_000466,noise_16
alert_001819,noise_19
alert_003501,noise_1
alert_002607,noise_7
alert_004747,noise_47
alert_001928,noise_28
alert_000123,noise_23
alert_003703,noise_3
alert_003039,noise_39
alert_000338,noise_38
alert_002949,noise_49
alert_002794,noise_44
alert_003558,noise_8
alert_000529,noise_29
alert_003766,noise_16
alert_001662,noise_12
alert_004351,noise_1
alert_000197,noise_47
alert_002846,noise_46
alert_001799,noise_49
alert_004854,noise_4
alert_001403,noise_3
alert_003308,noise_8
alert_003581,noise_31
alert_003607,noise_7
alert_000464,noise_14
alert_000501,noise_1
alert_004513,noise_13
alert_001351,noise_1
alert_001261,noise_11
alert_002705,noise_5
alert_000573,noise_23
alert_004454,noise_4
alert_000305,noise_5
alert_001016,noise_16
alert_000915,noise_15
alert_004875,noise_25
alert_000323,noise_23
alert_004695,noise_45
alert_001227,noise_27
alert_002673,noise_23
alert_001636,noise_36
alert_004908,noise_8
alert_000644,noise_44
alert_004165,noise_15
alert_000941,noise_41
alert_003824,noise_24
alert_003750,noise_0
alert_001420,noise_20
alert_002299,noise_49
alert_001552,noise_2
alert_001907,noise_7
alert_004617,noise_17
alert_000262,noise_12
alert_001344,noise_44
alert_004096,noise_46
alert_004502,noise_2
alert_000061,noise_11
alert_003500,noise_0
alert_004239,noise_39
alert_004050,noise_0
alert_004391,noise_41
alert_004428,noise_28
alert_003811,noise_11
alert_002956,noise_6
alert_004314,noise_14
alert_004616,noise_16
alert_002601,noise_1
alert_000489,noise_39
alert_002970,noise_20
alert_002233,noise_33
alert_004505,noise_5
alert_004009,noise_9
alert_004313,noise_13
alert_004347,noise_47
alert_000657,noise_7
alert_003807,noise_7
alert_001241,noise_41
alert_002901,noise_1
alert_004242,noise_42
alert_003262,noise_12
alert_004266,noise_16
alert_004029,noise_29
alert_003261,noise_11
alert_004823,noise_23
alert_003396,noise_46
alert_002801,noise_1
alert_001136,noise_36
alert_003035,noise_35
alert_000245,noise_45
alert_000036,noise_36
alert_003429,noise_29
alert_001634,noise_34
alert_000196,noise_46
alert_004836,noise_36
alert_003851,noise_1
alert_001192,noise_42
alert_004588,noise_38
alert_004062,noise_12
alert_001574,noise_24
alert_004309,noise_9
alert_004653,noise_3
alert_000680,noise_30
alert_000750,noise_0
alert_002668,noise_18
alert_002370,noise_20
alert_001262,noise_12
alert_004006,noise_6
alert_001100,noise_0
alert_004922,noise_22
alert_003940,noise_40
alert_001875,noise_25
alert_000918,noise_18
alert_000140,noise_40
alert_000445,noise_45
alert_004064,noise_14
alert_003859,noise_9
alert_003076,noise_26
alert_000015,noise_15
alert_004511,noise_11
alert_003088,noise_38
alert_004137,noise_37
alert_001782,noise_32
alert_000497,noise_47
alert_000641,noise_41
alert_003121,noise_21
alert_002468,noise_18
alert_003794,noise_44
alert_001876,noise_26
alert_002156,noise_6
alert_002984,noise_34
alert_004109,noise_9
alert_003798,noise_48
alert_003808,noise_8
alert_002579,noise_29
alert_000478,noise_28
alert_002874,noise_24
alert_001233,noise_33
alert_002892,noise_42
alert_000540,noise_40
alert_003291,noise_41
alert_000643,noise_43
alert_001933,noise_33
alert_003910,noise_10
alert_002916,noise_16
alert_000518,noise_18
alert_004530,noise_30
alert_002795,noise_45
alert_002829,noise_29
alert_002343,noise_43
alert_001105,noise_5
alert_003461,noise_11
alert_001904,noise_4
alert_003508,noise_8
alert_001557,noise_7
alert_002822,noise_22
alert_003598,noise_48
alert_003908,noise_8
alert_001443,noise_43
alert_000731,noise_31
alert_002595,noise_45
alert_004873,noise_23
alert_002453,noise_3
alert_002768,noise_18
alert_003656,noise_6
alert_002711,noise_11
alert_004939,noise_39
alert_000893,noise_43
alert_003197,noise_47
alert_003001,noise_1
alert_002506,noise_6
alert_000260,noise_10
alert_000388,noise_38
alert_001123,noise_23
alert_004490,noise_40
alert_002131,noise_31
alert_003469,noise_19
alert_003065,noise_15
alert_000672,noise_22
alert_002889,noise_39
alert_001068,noise_18
alert_001267,noise_17
alert_001954,noise_4
alert_004408,noise_8
alert_003504,noise_4
alert_004968,noise_18
alert_001654,noise_4
alert_000611,noise_11
alert_000384,noise_34
alert_003023,noise_23
alert_001720,noise_20
alert_004982,noise_32
alert_004983,noise_33
alert_000092,noise_42
alert_004283,noise_33
alert_004136,noise_36
alert_003722,noise_22
alert_004047,noise_47
alert_001786,noise_36
alert_001901,noise_1
alert_002928,noise_28
alert_001049,noise_49
alert_000152,noise_2
alert_001994,noise_44
alert_003680,noise_30
alert_004249,noise_49
alert_004661,noise_11
alert_003337,noise_37
alert_001523,noise_23
alert_002715,noise_15
alert_002272,noise_22
alert_003055,noise_5
alert_003554,noise_4
alert_004455,noise_5
alert_004370,noise_20
alert_004584,noise_34
alert_000679,noise_29
alert_002655,noise_5
alert_004025,noise_25
alert_003182,noise_32
alert_004138,noise_38
alert_002191,noise_41
alert_002735,noise_35
alert_000855,noise_5
alert_000200,noise_0
alert_000470,noise_20
alert_001504,noise_4
alert_004071,noise_21
alert_004784,noise_34
alert_000678,noise_28
alert_001280,noise_30
alert_004977,noise_27
alert_000575,noise_25
alert_004442,noise_42
alert_002177,noise_27
alert_003726,noise_26
alert_001751,noise_1
alert_003302,noise_2
alert_004832,noise_32
alert_004554,noise_4
alert_001110,noise_10
alert_002904,noise_4
alert_004966,noise_16
alert_000209,noise_9
alert_000114,noise_14
alert_000137,noise_37
alert_000734,noise_34
alert_000509,noise_9
alert_002377,noise_27
alert_004638,noise_38
alert_001555,noise_5
alert_004827,noise_27
alert_003245,noise_45
alert_000502,noise_2
alert_000120,noise_20
alert_001271,noise_21
alert_004948,noise_48
alert_000649,noise_49
alert_003100,noise_0
alert_001125,noise_25
alert_002750,noise_0
alert_002097,noise_47
alert_001269,noise_19
alert_000078,noise_28
alert_000603,noise_3
alert_002481,noise_31
alert_002240,noise_40
alert_003618,noise_18
alert_000358,noise_8
alert_002332,noise_32
alert_003295,noise_45
alert_000270,noise_20
alert_004911,noise_11
alert_003907,noise_7
alert_000265,noise_15
alert_003909,noise_9
alert_004826,noise_26
alert_004884,noise_34
alert_001512,noise_12
alert_004022,noise_22
alert_002722,noise_22
alert_001511,noise_11
alert_000817,noise_17
alert_003734,noise_34
alert_000834,noise_34
alert_003201,noise_1
alert_000798,noise_48
alert_001221,noise_21
alert_002217,noise_17
alert_004190,noise_40
alert_002738,noise_38
alert_004525,noise_25
alert_000546,noise_46
alert_002028,noise_28
alert_000670,noise_20
alert_001035,noise_35
alert_000619,noise_19
alert_001648,noise_48
alert_002095,noise_45
alert_000247,noise_47
alert_003802,noise_2
alert_004066,noise_16
alert_002298,noise_48
alert_002187,noise_37
alert_000868,noise_18
alert_003922,noise_22
alert_000383,noise_33
alert_003229,noise_29
alert_002197,noise_47
alert_000804,noise_4
alert_004299,noise_49
alert_003377,noise_27
alert_002319,noise_19
alert_001082,noise_32
alert_001712,noise_12
alert_004746,noise_46
alert_001273,noise_23
alert_002255,noise_5
alert_004320,noise_20
alert_000608,noise_8
alert_002952,noise_2
alert_001610,noise_10
alert_001471,noise_21
alert_001160,noise_10
alert_000700,noise_0
alert_004805,noise_5
alert_002966,noise_16
alert_003810,noise_10
alert_003341,noise_41
alert_000808,noise_8
alert_001042,noise_42
alert_002824,noise_24
alert_001341,noise_41
alert_000769,noise_19
alert_003493,noise_43
alert_000865,noise_15
alert_003228,noise_28
alert_000206,noise_6
alert_003359,noise_9
alert_003603,noise_3
alert_004145,noise_45
alert_003686,noise_36
alert_004872,noise_22
alert_002497,noise_47
alert_000147,noise_47
alert_003220,noise_20
alert_003961,noise_11
alert_003433,noise_33
alert_003848,noise_48
alert_003614,noise_14
alert_004000,noise_0
alert_000703,noise_3
alert_002075,noise_25
alert_002324,noise_24
alert_000717,noise_17
alert_002064,noise_14
alert_003056,noise_6
alert_000743,noise_43
alert_004357,noise_7
alert_003072,noise_22
alert_003428,noise_28
alert_002347,noise_47
alert_003361,noise_11
alert_002754,noise_4
alert_000498,noise_48
alert_001673,noise_23
alert_001937,noise_37
alert_003888,noise_38
alert_001285,noise_35
alert_004072,noise_22
alert_003399,noise_49
alert_001808,noise_8
alert_002003,noise_3
alert_004546,noise_46
alert_000973,noise_23
alert_004373,noise_23
alert_001367,noise_17
alert_004117,noise_17
alert_003250,noise_0
alert_002698,noise_48
alert_002647,noise_47
alert_003216,noise_16
alert_004392,noise_42
alert_001340,noise_40
alert_001478,noise_28
alert_004075,noise_25
alert_000408,noise_8
alert_001509,noise_9
alert_004801,noise_1
alert_001190,noise_40
alert_003641,noise_41
alert_002869,noise_19
alert_004678,noise_28
alert_000889,noise_39
alert_002124,noise_24
alert_001196,noise_46
alert_003422,noise_22
alert_004679,noise_29
alert_003945,noise_45
alert_000507,noise_7
alert_001752,noise_2
alert_000881,noise_31
alert_004388,noise_38
alert_000195,noise_45
alert_004885,noise_35
alert_004372,noise_22
alert_000210,noise_10
alert_002855,noise_5
alert_002500,noise_0
alert_003235,noise_35
alert_000841,noise_41
alert_004768,noise_18
alert_001270,noise_20
alert_000253,noise_3
alert_002953,noise_3
alert_001945,noise_45
alert_003502,noise_2
alert_004133,noise_33
alert_002308,noise_8
alert_002669,noise_19
alert_004619,noise_19
alert_002026,noise_26
alert_004962,noise_12
alert_000531,noise_31
alert_002547,noise_47
alert_004082,noise_32
alert_004654,noise_4
alert_001700,noise_0
alert_000908,noise_8
alert_001846,noise_46
alert_000443,noise_43
alert_001995,noise_45
alert_004687,noise_37
alert_002180,noise_30
alert_000590,noise_40
alert_002710,noise_10
alert_000950,noise_0
alert_004377,noise_27
alert_004489,noise_39
alert_001292,noise_42
alert_004503,noise_3
alert_002683,noise_33
alert_002484,noise_34
alert_004172,noise_22
alert_002435,noise_35
alert_003089,noise_39
alert_001331,noise_31
alert_002511,noise_11
alert_001286,noise_36
alert_003585,noise_35
alert_000296,noise_46
alert_002616,noise_16
alert_002758,noise_8
alert_003168,noise_18
alert_002400,noise_0
alert_003588,noise_38
alert_000593,noise_43
alert_000380,noise_30
alert_001905,noise_5
alert_003349,noise_49
alert_002266,noise_16
alert_002853,noise_3
alert_001626,noise_26
alert_001818,noise_18
alert_000042,noise_42
alert_000473,noise_23
alert_004296,noise_46
alert_003227,noise_27
alert_002414,noise_14
alert_003708,noise_8
alert_002920,noise_20
alert_000485,noise_35
alert_003064,noise_14
alert_000565,noise_15
alert_000006,noise_6
alert_002211,noise_11
alert_002521,noise_21
alert_000283,noise_33
alert_003301,noise_1
alert_003147,noise_47
alert_002219,noise_19
alert_002682,noise_32
alert_003789,noise_39
alert_002700,noise_0
alert_001812,noise_12
alert_003919,noise_19
alert_001568,noise_18
alert_000320,noise_20
alert_001515,noise_15
alert_000108,noise_8
alert_002502,noise_2
alert_004770,noise_20
alert_000168,noise_18
alert_002374,noise_24
alert_004728,noise_28
alert_003608,noise_8
alert_002243,noise_43
alert_004240,noise_40
alert_000438,noise_38
alert_000866,noise_16
alert_002176,noise_26
alert_002545,noise_45
alert_001398,noise_48
alert_001283,noise_33
alert_000857,noise_7
alert_000279,noise_29
alert_000018,noise_18
alert_002263,noise_13
alert_002983,noise_33
alert_002226,noise_26
alert_004945,noise_45
alert_000991,noise_41
alert_001976,noise_26
alert_002659,noise_9
alert_004449,noise_49
alert_004315,noise_15
alert_002281,noise_31
alert_001858,noise_8
alert_002336,noise_36
alert_003383,noise_33
alert_001973,noise_23
alert_004457,noise_7
alert_000008,noise_8
alert_004316,noise_16
alert_003514,noise_14
alert_003217,noise_17
alert_001480,noise_30
alert_002568,noise_18
alert_001393,noise_43
alert_003199,noise_49
alert_000762,noise_12
alert_002732,noise_32
alert_000392,noise_42
alert_004898,noise_48
alert_002893,noise_43
alert_000263,noise_13
alert_001313,noise_13
alert_003777,noise_27
alert_001821,noise_21
alert_004213,noise_13
alert_003660,noise_10
alert_002363,noise_13
alert_003926,noise_26
alert_000883,noise_33
alert_003649,noise_49
alert_004342,noise_42
alert_004105,noise_5
alert_001979,noise_29
alert_001486,noise_36
alert_003278,noise_28
alert_004485,noise_35
alert_003004,noise_4
alert_004600,noise_0
alert_002491,noise_41
alert_000049,noise_49
alert_004004,noise_4
alert_000175,noise_25
alert_001467,noise_17
alert_003211,noise_11
alert_002483,noise_33
alert_001422,noise_22
alert_000620,noise_20
alert_000654,noise_4
alert_002092,noise_42
alert_001582,noise_32
alert_003067,noise_17
alert_004404,noise_4
alert_000344,noise_44
alert_004355,noise_5
alert_003937,noise_37
alert_004989,noise_39
alert_003116,noise_16
alert_001754,noise_4
alert_001575,noise_25
alert_003246,noise_46
alert_000222,noise_22
alert_003198,noise_48
alert_004907,noise_7
alert_000550,noise_0
alert_001644,noise_44
alert_003267,noise_17
alert_004688,noise_38
alert_002886,noise_36
alert_001545,noise_45
alert_003541,noise_41
alert_004216,noise_16
alert_000057,noise_7
alert_002856,noise_6
alert_003360,noise_10
alert_004415,noise_15
alert_000491,noise_41
alert_004346,noise_46
alert_004521,noise_21
alert_002876,noise_26
alert_003563,noise_13
alert_001448,noise_48
alert_002796,noise_46
alert_000067,noise_17
alert_000779,noise_29
alert_002133,noise_33
alert_001723,noise_23
alert_003924,noise_24
alert_003162,noise_12
alert_003099,noise_49
alert_004083,noise_33
alert_001682,noise_32
alert_002713,noise_13
alert_003394,noise_44
alert_003714,noise_14
alert_001885,noise_35
alert_004264,noise_14
alert_003101,noise_1
alert_002280,noise_30
alert_004971,noise_21
alert_003679,noise_29
alert_003487,noise_37
alert_004748,noise_48
alert_000396,noise_46
alert_004451,noise_1
alert_001213,noise_13
alert_000957,noise_7
alert_001479,noise_29
alert_001519,noise_19
alert_001910,noise_10
alert_003638,noise_38
alert_001896,noise_46
alert_002717,noise_17
alert_004302,noise_2
alert_004750,noise_0
alert_004015,noise_15
alert_002978,noise_28
alert_000142,noise_42
alert_001990,noise_40
alert_002008,noise_8
alert_000856,noise_6
alert_003464,noise_14
alert_001352,noise_2
alert_004941,noise_41
alert_001664,noise_14
alert_001376,noise_26
alert_000927,noise_27
alert_002820,noise_20
alert_004662,noise_12
alert_000075,noise_25
alert_002857,noise_7
alert_001540,noise_40
alert_002084,noise_34
alert_001560,noise_10
alert_001131,noise_31
alert_002766,noise_16
alert_002879,noise_29
alert_000543,noise_43
alert_004527,noise_27
alert_001783,noise_33
alert_000321,noise_21
alert_004028,noise_28
alert_004712,noise_12
alert_001446,noise_46
alert_004278,noise_28
alert_000886,noise_36
alert_002107,noise_7
alert_004561,noise_11
alert_004797,noise_47
alert_004555,noise_5
alert_001729,noise_29
alert_001517,noise_17
alert_002590,noise_40
alert_002262,noise_12
alert_001999,noise_49
alert_004777,noise_27
alert_003797,noise_47
alert_003373,noise_23
alert_004150,noise_0
alert_000273,noise_23
alert_000876,noise_26
alert_004859,noise_9
alert_002584,noise_34
alert_000351,noise_1
alert_003573,noise_23
alert_003687,noise_37
alert_001134,noise_34
alert_004401,noise_1
alert_002720,noise_20
alert_001248,noise_48
alert_004475,noise_25
alert_001590,noise_40
alert_000961,noise_11
alert_003058,noise_8
alert_004368,noise_18
alert_003482,noise_32
alert_004499,noise_49
alert_003234,noise_34
alert_004041,noise_41
alert_002523,noise_23
alert_000837,noise_37
alert_000476,noise_26
alert_002069,noise_19
alert_004268,noise_18
alert_004496,noise_46
alert_003003,noise_3
alert_001635,noise_35
alert_003476,noise_26
alert_000261,noise_11
alert_004819,noise_19
alert_000086,noise_36
alert_000045,noise_45
alert_003494,noise_44
alert_002415,noise_15
alert_001835,noise_35
alert_002620,noise_20
alert_003488,noise_38
alert_003102,noise_2
alert_003141,noise_41
alert_002726,noise_26
alert_001588,noise_38
alert_003996,noise_46
alert_002737,noise_37
alert_000014,noise_14
alert_001264,noise_14
alert_000830,noise_30
alert_001897,noise_47
alert_002098,noise_48
alert_003738,noise_38
alert_002404,noise_4
alert_003662,noise_12
alert_000138,noise_38
alert_003153,noise_3
alert_000044,noise_44
alert_002423,noise_23
alert_003054,noise_4
alert_004700,noise_0
alert_001084,noise_34
alert_000572,noise_22
alert_002504,noise_4
alert_003944,noise_44
alert_001426,noise_26
alert_003814,noise_14
alert_004603,noise_3
alert_004495,noise_45
alert_003215,noise_15
alert_001027,noise_27
alert_001120,noise_20
alert_002852,noise_2
alert_004547,noise_47
alert_001390,noise_40
alert_001397,noise_47
alert_002421,noise_21
alert_004492,noise_42
alert_003644,noise_44
alert_004735,noise_35
alert_004690,noise_40
alert_004756,noise_6
alert_001829,noise_29
alert_004095,noise_45
alert_000336,noise_36
alert_001291,noise_41
alert_001658,noise_8
alert_002359,noise_9
alert_001797,noise_47
alert_002898,noise_48
alert_001055,noise_5
alert_004686,noise_36
alert_004727,noise_27
alert_001926,noise_26
alert_000085,noise_35
alert_001046,noise_46
alert_003567,noise_17
alert_002640,noise_40
alert_001845,noise_45
alert_003990,noise_40
alert_001681,noise_31
alert_003818,noise_18
alert_004751,noise_1
alert_003873,noise_23
alert_000492,noise_42
alert_001130,noise_30
alert_001513,noise_13
alert_003831,noise_31
alert_003877,noise_27
alert_004042,noise_42
alert_001409,noise_9
alert_002164,noise_14
alert_001410,noise_10
alert_004282,noise_32
alert_003987,noise_37
alert_001425,noise_25
alert_003385,noise_35
alert_001032,noise_32
alert_004809,noise_9
alert_000637,noise_37
alert_000526,noise_26
alert_004110,noise_10
alert_003862,noise_12
alert_002955,noise_5
alert_000548,noise_48
alert_003346,noise_46
alert_004215,noise_15
alert_004620,noise_20
alert_004955,noise_5
alert_002516,noise_16
alert_002942,noise_42
alert_002465,noise_15
alert_002625,noise_25
alert_000362,noise_12
alert_000337,noise_37
alert_002395,noise_45
alert_001040,noise_40
alert_003253,noise_3
alert_002048,noise_48
alert_003980,noise_30
alert_004461,noise_11
alert_002385,noise_35
alert_003178,noise_28
alert_002805,noise_5
alert_001641,noise_41
alert_002340,noise_40
alert_000984,noise_34
alert_002437,noise_37
alert_001441,noise_41
alert_000705,noise_5
alert_000739,noise_39
alert_002149,noise_49
alert_000898,noise_48
alert_004598,noise_48
alert_000839,noise_39
alert_004247,noise_47
alert_003520,noise_20
alert_002748,noise_48
alert_001600,noise_0
alert_002909,noise_9
alert_001913,noise_13
alert_000981,noise_31
alert_002883,noise_33
alert_001059,noise_9
alert_001432,noise_32
alert_003458,noise_8
alert_001052,noise_2
alert_003621,noise_21
alert_003084,noise_34
alert_000016,noise_16
alert_003041,noise_41
alert_000452,noise_2
alert_001133,noise_33
alert_001660,noise_10
alert_003846,noise_46
alert_004509,noise_9
alert_003630,noise_30
alert_004276,noise_26
alert_002284,noise_34
alert_004651,noise_1
alert_003406,noise_6
alert_004934,noise_34
alert_000051,noise_1
alert_004828,noise_28
alert_003593,noise_43
alert_002887,noise_37
alert_004614,noise_14
alert_000040,noise_40
alert_000069,noise_19
alert_003492,noise_42
alert_001762,noise_12
alert_002565,noise_15
alert_004024,noise_24
alert_000460,noise_10
alert_001690,noise_40
alert_003736,noise_36
alert_004196,noise_46
alert_004986,noise_36
